baseMean,log2FoldChange,lfcSE,stat,pvalue,padj,GeneID,neg_log10_padj
44.8635495037754,3.45071014027772,0.817214835083876,4.22252508414577,2.41580502925007e-05,0.0012360663691176,84069,2.9079582096940473
72.6408239093101,2.31310711349071,0.526729983573449,4.39144758344323,1.12598482261997e-05,0.0006931700652806,8784,3.1591602006669537
41.2495605396961,2.79630705715388,0.862766044415817,3.24109539921367,0.0011907132864817,0.0212671478523301,441869,1.6722907496388955
958.536795917636,1.99177009898839,0.56604934264926,3.51872168893684,0.0004336313507675,0.0102645954909648,64856,1.9886581607116414
17.660183197339,-3.46687680777835,0.762744614202728,-4.54526553609581,5.48660414370514e-06,0.0004208656951804,105378590,3.3758564722111686
64.0746669636147,2.96511103059589,0.765489024355849,3.87348601515352,0.0001072895659888,0.0037680799552239,3604,2.423879890448128
2243.26985429602,1.87160025097157,0.590089587051376,3.17172221310291,0.0015153788350977,0.0248337062865152,54206,1.6049584596777062
2206.58630901051,-1.34037516390553,0.403611385425968,-3.32095479043762,0.0008971006773104,0.0171972036146763,473,1.7645421666650913
215.809290831722,1.70082249637226,0.492968255823826,3.4501663672642,0.0005602411807225,0.0121739053623877,6723,1.914570078692141
226.991885947745,2.4952214752463,0.669391129043963,3.72759865941161,0.0001933128951808,0.0057490427801761,26270,2.240404459639764
221.615043164831,1.76826565607842,0.550992035391364,3.20923995720273,0.0013308637173343,0.02286142869386,57085,1.6408966324502958
23.7026639213254,2.88823213457063,0.834076974011478,3.46278847703916,0.0005346084896888,0.0118283559308573,943,1.927075615454552
255.95527716341,5.05428126368409,0.798481277898715,6.32986821805634,2.45370671085756e-10,1.87799441406932e-07,10630,6.726305703839066
11.8494966784082,-2.66482858393851,0.859337250452519,-3.10102766118335,0.0019285027451382,0.0292385346327697,1187,1.5340443969963002
9.39826959815032,-4.6054946700871,1.3087585374208,-3.51897965774744,0.0004332099233275,0.0102645954909648,1188,1.9886581607116414
17.0144516558935,-2.31065215516056,0.61690476557298,-3.74555731145054,0.0001799937486674,0.0054548088273126,29943,2.263220465368598
5.76105988036307,4.08778312142592,1.15929516113142,3.52609349066585,0.0004217380618338,0.0100920532682827,105376823,1.9960204658377583
65.39574396075,2.95370537637477,0.92150877856081,3.2052927167854,0.0013492518957945,0.0230813662471802,249,1.6367384877151865
1291.65420354172,2.52360826666621,0.786932467384949,3.20689305786606,0.0013417686554644,0.0230296090242302,712,1.6377134350301552
1080.68411387082,2.63472963013001,0.757408125647382,3.47861283885491,0.0005040161915588,0.0113211897810473,713,1.9461079293146284
56.8131731194471,4.00658786617126,1.02433724956911,3.91139526348052,9.17644496994876e-05,0.0033306707666868,57822,2.4774682947413864
103.834218791623,1.17799250904252,0.388143033572859,3.03494435594809,0.0024058006856245,0.0342395806945122,57134,1.4654715624287222
15.2164714446934,5.05936937480111,1.13903905425663,4.44178744872185,8.92146645637416e-06,0.0005889088879521,8547,3.2299518911559226
186.819894623183,1.92999258554085,0.635080383009413,3.03897370659652,0.002373855718533,0.0339056890727278,2268,1.4697274249356274
324.307349401823,1.80235870914871,0.571984147047648,3.15106409583511,0.0016267678645742,0.0260553453668005,2537,1.5841031658324107
275.527428485157,2.68355708181246,0.577139469730403,4.64975490771065,3.32329714209164e-06,0.0002922380231545,9473,3.5342632785732953
536.169849498325,-1.05167806938689,0.314835193960226,-3.34040821852895,0.0008365532647413,0.0162475312179315,27293,1.7892126199086762
308.302692254859,2.71363467803072,0.614960481755521,4.41269765869205,1.02090517332391e-05,0.0006412463649464,5724,3.1929750837720485
336.570143790687,1.73392433596121,0.578407912077923,2.99775348807403,0.0027197756982131,0.037320162552174,9672,1.428056473302857
7362.48653500032,-1.65160476246034,0.533999050288025,-3.09289831427511,0.0019821203947852,0.0298097412232116,347735,1.5256417940384546
855.21055582229,-2.09552760602748,0.673120048597038,-3.11315583363639,0.0018509825527469,0.0285425856188414,105378626,1.5445066875236848
104.034710849071,2.61188601507017,0.866385033479784,3.01469429195895,0.0025723839290387,0.0358693076205028,84734,1.4452770063599172
59.9289745671928,-1.40457216879439,0.464485197644447,-3.02393311114633,0.0024951159782735,0.0350758991095388,100128071,1.454991187774822
24.7692969079748,2.8891816016572,0.881219923863776,3.27861584085544,0.0010431753910293,0.0192303474180393,114784,1.716012869668205
367.579389257859,3.68770052109323,1.02554558500136,3.59584261784749,0.000323343250101,0.0082964530565709,1441,2.0811075398161885
1621.19777670196,1.98049092560269,0.517881121127628,3.8242191978159,0.0001311871646342,0.004282753170878,80149,2.3682769546986076
15.1604483791384,2.15632002263356,0.673738184163451,3.20053111626879,0.0013717455707176,0.0233172515697672,102465438,1.6323226416672418
407.347523713971,-1.56723038789958,0.522687396955239,-2.9984086033622,0.0027139354398012,0.0372647680156099,656,1.4287015780391004
232.171859079092,1.16482253531486,0.340620174017205,3.41971093954061,0.0006268770937743,0.0132094840407641,1298,1.87911414549109
3740.48393292861,-3.46779988438374,1.05186751411327,-3.29680291277661,0.0009779209801537,0.0182786057701654,2981,1.7380569338437664
23556.2971914452,-3.18349950163039,0.964050428102906,-3.30221263206635,0.0009592532305278,0.0179936600346494,2980,1.7448804891736331
828.968715579151,-2.156399529641,0.601955560806946,-3.58232346379566,0.0003405517487087,0.0086033030404224,284716,2.0653347793583454
172.100239097615,1.35004768935915,0.46015657977296,2.93388761283227,0.0033474539305958,0.0430729361617456,1263,1.3657955225865734
165.729354233139,-1.76617958667621,0.49284230236235,-3.58366069270099,0.0003388121609174,0.0085698326870979,149483,2.0670276569308794
2924.1232951519,2.3478547603437,0.802975792089061,2.92394214554763,0.0034562897903125,0.0438993414362679,10158,1.357541994854465
174.20999332414,-1.24981964623406,0.402101421134847,-3.10821991801646,0.0018821795358659,0.0287678193073541,84793,1.5410930577717221
280.931021955827,-1.28228111746749,0.409145416611445,-3.13404737143919,0.0017241301954744,0.0270678491986463,2306,1.5675462517385248
115.485628834371,-2.39937877721437,0.507013135418357,-4.73237991207968,2.2190258877177e-06,0.0002142811680826,200010,3.6690159948806373
49.0384958487036,-1.3630945965161,0.42579898869015,-3.20126311410291,0.0013682652820602,0.0233172515697672,105378720,1.6323226416672418
27.7937322311853,-1.86729713637634,0.491341262542144,-3.80040773843247,0.000144458196236,0.0046068342981744,441884,2.33659740847289
41.2791185419083,1.87061106273012,0.598161755085588,3.12726623998632,0.001764400677325,0.0275595918344082,2882,1.559727218744705
15.7017377453382,-3.12701071491545,0.973985613815215,-3.21053070041413,0.0013249011518106,0.0227969044980582,440590,1.6421241201346581
1629.42140511732,-1.138639024609,0.365071975362295,-3.11894393832619,0.0018150049163408,0.0281796217852614,55268,1.5500648401009078
132.802832148116,-1.94318140845372,0.554244879296565,-3.50599794610635,0.000454898730168,0.0105033321328744,374977,1.978672901182545
266.333662974007,2.3811715512171,0.663454393252922,3.58905084574419,0.0003318841121338,0.0084358981269946,5142,2.073868673497658
98.8356393829869,4.41311126231257,1.08189753538244,4.07904733857499,4.52206289326309e-05,0.0019756539046359,84251,2.7042891328614984
47.2914365758885,2.66511462733126,0.622464423884184,4.28155333071233,1.85593230800041e-05,0.0010135813799044,3595,2.9941413763004725
192.85045531625,2.97775738734144,0.71340304542879,4.17401832865973,2.99273663481775e-05,0.0014687642330391,10964,2.833047911839241
260.741742815304,2.51486700581112,0.603395062617445,4.16786142548461,3.0747075262055e-05,0.0014950313183302,10561,2.825349709523147
134.710129993122,2.95585857386938,0.757814859133954,3.90050226416436,9.59933283145937e-05,0.0034453914587004,64123,2.4627614272556
199.49113561863,-1.46047671291284,0.465910707095246,-3.13467085145625,0.0017204703461238,0.0270574731374805,148418,1.5677127640462174
1200.054423924,-2.35452105220377,0.816465825068648,-2.88379621033838,0.0039291293088542,0.0479029245825798,255231,1.3196379711093758
253.060665504271,3.66078071099744,0.71829968075579,5.09645320619604,3.46076056240877e-07,4.93218048428809e-05,3491,4.306961039558824
2284.17298156075,3.38600488213406,0.495787656415384,6.82954655752296,8.518344861646389e-12,1.60028724150839e-08,2633,7.795802057215506
543.657944967244,1.5622303175506,0.461623584326523,3.38420819601274,0.000713838520498,0.0143994011942655,112268267,1.8416555678654078
5.66745016683541,5.59881370627569,1.61540555875586,3.46588735932527,0.0005284846382643,0.0117633611579995,388646,1.9294685690926472
1489.20957034435,4.51673480051321,0.716788542849882,6.30134904578009,2.95066067924919e-10,1.96694848182853e-07,115361,6.706207014941159
810.725759075879,4.41739455193917,0.600884005699229,7.3514929837395,1.96005056940463e-13,6.75074083612444e-10,115362,9.17064856444512
47.0326069142357,3.24213685736968,0.888235904990669,3.65008534236605,0.0002621531938325,0.0071564012556795,400759,2.145305316757274
148.283832632167,2.01473240955204,0.497192220079683,4.05222030471263,5.07338578709288e-05,0.0021309251481763,84230,2.6714318052388375
847.295643218501,-1.26185948230162,0.400254092381071,-3.1526460474019,0.0016179786186913,0.0259592609901058,55144,1.585707675218643
218.611787366183,1.1158920900988,0.330831267050832,3.37299463876654,0.0007435540039584,0.0149180033900988,2730,1.8262892984911656
1190.8171449607,2.58597160846129,0.595001082184456,4.34616286573344,1.38539719374918e-05,0.0008110264308449,2152,3.090964992172263
309.820106740962,-1.07280785877478,0.361764184759965,-2.96548940986683,0.0030220174969415,0.040095317128365,199857,1.3969063471820624
204.592506501298,1.75884420724121,0.390855043345589,4.4999910764515,6.79563151856559e-06,0.0004927428958987,1806,3.3073796284269754
150.544201778521,1.93125485922233,0.646778434179952,2.98596050387945,0.0028268915155044,0.038326690004797,1901,1.416498685956285
2263.753966652,-1.38630123322146,0.472355050392166,-2.93487119926104,0.0033368616740718,0.0429965935093728,10451,1.3665659509014716
385.09964565366,1.98913156327871,0.573031528677017,3.4712427915984,0.0005180553639364,0.0115736368602675,1435,1.9365301483813315
154.175603865585,2.0833935565035,0.648829823303752,3.21100153179634,0.0013227322971164,0.0227785524332594,3738,1.6424738785985804
11.2518647045091,2.07901080956509,0.649143547986814,3.20269810277359,0.0013614662397468,0.023261815577385,57413,1.6333563917370602
203.659684271653,3.72555493029657,0.694985602505865,5.36062174074338,8.29360134624538e-08,1.64795453673232e-05,3752,4.78305477365749
10.786104233026,3.99218139679986,0.911585941120445,4.37938017329776,1.19017342955472e-05,0.0007170534671063,643355,3.144448459947973
1272.46567922026,-1.51154028152883,0.501910930580714,-3.01157075774375,0.0025989982253426,0.0360458378031584,3321,1.4431448758399579
380.691101027499,1.70116362695299,0.458057114930455,3.7138679249885,0.0002041153500575,0.0059387874573771,914,2.2263022173631604
13.4504594019725,4.86230930881553,1.15934438928336,4.19401633695844,2.74058231011958e-05,0.0013746148892869,2210,2.8618189562947607
8.18708242092879,3.87388745288113,1.29093098377173,3.00084783894701,0.0026922906259276,0.0370660798033281,100132417,1.4310233435579918
393.885440713682,-3.45684319378683,0.727951799709041,-4.74872538974217,2.04702669596292e-06,0.0002024009888615,5174,3.693787370013841
2805.30212597704,-2.18414603752975,0.66115405225505,-3.30353573434226,0.0009547380060571,0.0179687257697376,2330,1.7454827192623505
76.1658876156833,-3.09155298509306,0.630914208445516,-4.90011628159431,9.5779950225638e-07,0.0001118244447125,100034743,3.95146324972938
56.8981852051151,4.73454742346521,1.06606568763063,4.4411404272732,8.94833732479873e-06,0.0005889088879521,2209,3.2299518911559226
80.1612816932499,1.64629557681387,0.420050935291508,3.91927606510712,8.88153381522772e-05,0.0032484406423306,79630,2.488325064543926
675.899165341686,2.17588144455541,0.584209459827265,3.72448855107337,0.000195711593458,0.0057612251834916,1513,2.239485149589206
61.7650705935715,1.77933232647063,0.559551721810197,3.17992467383415,0.0014731333991392,0.0243928699464838,79626,1.6127370997028498
2551.6171842548,2.52910469030796,0.619057467471989,4.08541181263175,4.3998709645781e-05,0.0019386638269297,6282,2.712497493018783
18.8535408356169,4.40437930280497,1.14620494874702,3.84257571703878,0.0001217498361304,0.0041081629776668,6274,2.3863523355476515
308.904079476503,-1.42188875409237,0.354676241978939,-4.00897659837279,6.09824588145787e-05,0.0024517558587612,1945,2.610522778228555
5139.06068130148,2.32771064688901,0.735929008811898,3.16295541963609,0.0015617624548979,0.025452540323712,4582,1.594268865841448
50.9183740993964,-1.75337816293959,0.591017735526049,-2.96670989302708,0.0030100482853445,0.0400532181691205,5313,1.3973625837759653
107.129402986257,2.20933600506091,0.577049888823647,3.82867417159508,0.0001288354392447,0.0042394655286499,23208,2.372688891659408
34.6502905537941,-1.38791629910122,0.347191908070851,-3.99754794635936,6.40020299900796e-05,0.0025385833968234,339403,2.5954085647055924
122.155357473861,1.72969744048778,0.341007268644054,5.07231839182072,3.92998127107296e-07,5.20596557478992e-05,9047,4.283498708053177
248.092069824622,1.96274866282942,0.667986007210959,2.93830805082951,0.0033000893986489,0.0427295409919057,83416,1.3692717724239267
232.025689028723,2.58000428420794,0.712783225960354,3.61961980899848,0.0002950361839212,0.007737211599914,55243,2.111415525745683
141.397956187294,3.87839449901725,0.792162675285212,4.89595713105375,9.78283927323122e-07,0.0001123124297674,4332,3.9495721771252716
909.310616341578,2.01942640560368,0.560528306773216,3.60271975777437,0.0003149049759145,0.0081547760993423,3428,2.088587958615739
6.44118596617547,3.75282967663247,1.09761678735158,3.41907095434247,0.0006283533903736,0.0132094840407641,105371464,1.87911414549109
29.2089285053368,2.11937077343099,0.676977504554166,3.13063692541266,0.0017442766357514,0.0273071793013666,343413,1.5637231580484177
8.13863734992327,4.28853546062127,1.08272699645491,3.96086499612818,7.46787477156599e-05,0.0028335689338378,107985217,2.5476662175659066
288.1680962786,2.71434662821446,0.634016181055764,4.28119456461588,1.85892737954901e-05,0.0010135813799044,56833,2.9941413763004725
63.2133633816281,2.55416690147174,0.590404751092129,4.32612863759488,1.5175282176262e-05,0.000871103350479,284677,3.0599303158534115
1151.1371186197,1.65884677779653,0.424958874144441,3.90354662233198,9.47932796154056e-05,0.003412723211241,8682,2.46689893372701
148.730688992407,2.30289308526271,0.582202400411393,3.95548538383808,7.63794180739951e-05,0.0028802567052903,6504,2.5405688036564715
963.939580102864,3.11114543771908,0.55756327926452,5.57989658469436,2.40661627678833e-08,6.54377965260933e-06,57823,5.184171333002232
10.0393457603813,4.2670810928396,1.15172921831831,3.70493430658133,0.0002114455262108,0.006119778430177,142683,2.213264301431797
669.334339394036,-1.57109919659635,0.503906912572535,-3.11783616655626,0.0018218404647072,0.0282060137705873,100131187,1.549658286399152
99.401188707089,5.64699221018697,0.83282949268994,6.78049019607586,1.19768805129413e-11,2.00516836862214e-08,9507,7.697849154967228
424.617490540585,3.22698591546544,0.594463446379893,5.42840091365892,5.68611990763291e-08,1.21137801949726e-05,2207,4.916720310892013
459.547266386832,3.43656956383681,0.784360197689759,4.38136658892027,1.17937248657222e-05,0.0007168156598533,2212,3.144592515464254
68.9248614085763,2.96059704148593,0.679003488976476,4.36020887896866,1.29938348861502e-05,0.0007693913980581,3310,3.1138526734968197
390.063966518011,4.32909161606317,0.691769770657578,6.25799478336275,3.89958861617912e-10,2.43911934949589e-07,2214,6.61276694853443
213.449444937941,5.56643295684165,1.20383364802183,4.62392205599882,3.76551409063661e-06,0.0003215468953843,2215,3.4927556792828183
67.6425867012201,2.8623711190634,0.606877344383544,4.71655622928378,2.39870096278218e-06,0.0002238852437082,25903,3.649974529856844
44.218240662535,4.46617974804185,1.20638502975187,3.70211801199196,0.000213807121045,0.0061622373171486,5999,2.21026158035477
3632.3762663374,-1.4638758692921,0.402604272352338,-3.63601672863272,0.0002768863583772,0.0074170305296159,54499,2.129769933362962
1044.20197212397,-1.58663454198914,0.450520129554818,-3.52178390687444,0.0004286534017294,0.0102052103073032,7371,1.991178040986111
47.4077651633416,-3.18970068132703,0.961365067243582,-3.31788702336826,0.0009070116275862,0.0173510548788799,105371586,1.7606741165993265
19.4307104007663,-1.83303018286836,0.599951864656407,-3.0552954176051,0.0022483893739388,0.0325827253944227,105371598,1.4870125917814971
205.867505499742,1.17936726464718,0.407873380571606,2.89150339498591,0.0038340345018158,0.0471889952233614,919,1.326159269819487
111.147891622676,3.28876722475511,0.806511228884534,4.07776991438015,4.54697297014549e-05,0.0019781725563801,6403,2.703735827493606
151.679078069376,5.91567801246287,1.16565980718182,5.07496095860506,3.87575570847185e-07,5.17739099247472e-05,6401,4.28588903620372
130.506810487934,2.86056915319052,0.834739012041034,3.42690243528464,0.0006105083791545,0.0130385456581011,5396,1.884770847859142
24.3467034657224,-2.18045062271007,0.583075501619219,-3.7395682319955,0.0001843366083116,0.005544855910858,100506023,2.2561097349850345
16.9185725858296,-1.65316418892478,0.548545299413061,-3.01372410025873,0.0025806237128458,0.0358927084247677,101928673,1.4449937690406602
11442.2601874751,-2.37540582253622,0.524100401707231,-4.53234879194606,5.83314290931851e-06,0.0004351693076572,9588,3.3613417428713808
251.830311280401,1.54910447942626,0.396077042022899,3.91111908813108,9.18694573922811e-05,0.0033306707666868,27,2.4774682947413864
197.2114984522,1.35592784216372,0.430940873121662,3.14643591901972,0.0016527347371042,0.0263126065810935,3140,1.5798361276758561
171.886419316144,1.65334820403099,0.446534715281522,3.70261963392617,0.0002133846827766,0.0061586514938257,80896,2.2105143710990216
811.269037449049,2.1836668833651,0.644174955575438,3.38986616052845,0.0006992675435164,0.0142227990027231,3915,1.8470149273884384
260.751528635383,2.76078394652285,0.728759383388928,3.78833399535037,0.0001516608768387,0.0048017121782678,4688,2.31860387575261
13.2583575634961,-3.3083644050557,1.04537720193507,-3.16475660549292,0.0015521273039584,0.0253354745152455,105371653,1.5962709572733367
643.008613510116,6.33730851568936,1.03657923099318,6.11367498615364,9.73625002886688e-10,4.90730748406181e-07,5743,6.309156728966798
26.5517430739322,2.38921684671039,0.5891646704636,4.0552615703015,5.00782314806905e-05,0.0021206283884189,64407,2.6735354290783793
181.241568745875,2.71793936592714,0.458182704725731,5.93199904294533,2.9926836946009102e-09,1.28841267810266e-06,5996,5.889945010332526
402.027695303496,2.21569438860952,0.685512166322239,3.23217369065334,0.0012285235744859,0.0216986663818399,5997,1.6635669574328562
514.805735713255,1.63109032805528,0.557572229134495,2.92534355699023,0.0034407612981153,0.0437828400403656,3075,1.3586960706836955
551.135253197273,-2.38054012329937,0.58926186927916,-4.03986792189942,5.34813104396272e-05,0.0022103825604697,647215,2.655532554585236
27.1553211676095,-3.33583957643902,0.948569151690455,-3.51670678989949,0.0004369361581928,0.0103055071855917,148709,1.9869306295535267
5.80097092428504,5.64158661567415,1.74331891340239,3.23611851641282,0.0012116706477304,0.021480716427255,4608,1.667951238092832
2084.63566902289,6.4831962411832,1.62145537129416,3.99838093354901,6.37772498450179e-05,0.0025345324385524,1116,2.596102146028997
32.759570010976,4.43720176260194,1.23184470955254,3.60207884012729,0.000315682585632,0.0081589368416209,1118,2.088366428733739
646.462260316759,1.32077378396189,0.441867458017745,2.98907231115637,0.0027982589805595,0.0380434354166209,493,1.419720272094387
187.956432703088,1.99043099724354,0.629019990344939,3.16433663126037,0.0015543689813518,0.0253520402522777,54900,1.5959870842734118
1113.19092308816,-3.1225342740006,0.896872979422298,-3.48157915963966,0.0004984664225335,0.0112331609832667,10446,1.9494980171649803
520.440179492291,-1.52153706334196,0.341199284937712,-4.45937940233294,8.21973070196017e-06,0.0005587524176184,5129,3.252780584744018
162.067315688326,1.42037371619471,0.438358438814344,3.24021072808929,0.0011944139376027,0.0213148221248366,8934,1.671318287249749
361.049115642913,1.30226684706598,0.43890404848472,2.96708779871579,0.0030063509625943,0.0400297955167609,83593,1.3976166283852574
51.1072631777416,2.41276025818777,0.749307219193057,3.21998800543536,0.0012819596041972,0.0222894732879019,8444,1.651900194007894
15.4789951542296,3.51769495130657,1.0757431864671,3.27001369430859,0.0010754227797572,0.0197088628263043,3586,1.7053384331791304
4.82234169223991,4.11181626951527,1.20679942577506,3.40720767817278,0.0006563116863569,0.0135898607200059,29949,1.866784994249319
234.536784328,3.40802955816785,0.727240115072725,4.68625078228397,2.78255278820632e-06,0.0002533103672611,725,3.596347035427964
237.195626153671,2.89806760664293,0.960675221252528,3.01669861211204,0.0025554374910543,0.035718945688006,722,1.4471013686143634
2643.90391419226,3.0792045861229,0.580966155859839,5.30014451799801,1.15711052487275e-07,2.19373293545829e-05,1604,4.658816244453406
311.293293526309,3.25302797672254,0.799006640620627,4.0713403510586,4.67433935390674e-05,0.002029311402279,50486,2.6926513044134595
73.3037218849529,5.79231170855866,1.12599070707306,5.14419139711678,2.68675510347666e-07,4.08248486862832e-05,3290,4.389075416262672
980.912540294651,1.27522584900052,0.381496679524672,3.34269186979398,0.0008296997379447,0.0161447693828884,9926,1.7919681542054646
44.5074812156112,2.30910761330764,0.710680001635912,3.24915237236493,0.0011574945810351,0.0208177767772767,55509,1.6815656525832026
49.7492114311129,-2.71853382876732,0.706278030450972,-3.84909867156916,0.000118553248311,0.0040443987342648,642946,2.393146034200124
25.8529180073231,3.55324206298194,1.09409117005463,3.24766542335272,0.0011635600447703,0.0209086681088517,7042,1.6796736310464613
509.567976295372,-1.87157599620026,0.565183707436905,-3.31144718358535,0.0009281475872963,0.0176450504981402,54996,1.7533770944005123
64.450437087629,1.95303731936052,0.543549619973271,3.5931168886781,0.0003267459229184,0.0083463590817187,3142,2.078502934762782
272.534863464363,1.66232648260837,0.443740726572652,3.74616613500363,0.0001795577005508,0.0054548088273126,8560,2.263220465368598
643.109928016525,-1.14647854896026,0.397444381938854,-2.88462638059542,0.0039187843196483,0.0478511504307013,56997,1.32010761651411
18.1849418162156,-2.16385275508924,0.704263949104919,-3.07250251534156,0.002122720442966,0.0313552665860566,105379282,1.5036895024516626
1639.47289159402,-1.8687403492631,0.573623148395028,-3.25778405995601,0.0011228581516484,0.0202830976431956,58480,1.6928657186377674
83.1207963261628,2.29338286867784,0.616607179419995,3.7193580373733,0.0001997297664077,0.0058628062824079,183,2.231894455443583
21.8116048828043,2.18273752534204,0.718978013073225,3.03588911712623,0.0023982754377923,0.0342020952897687,375061,1.4659472873675323
21.3434412929786,1.85706729176343,0.633115000207954,2.93322270227913,0.0033546316979504,0.0431384343734571,27185,1.3651356208307561
27.1615285341424,-5.68470733335779,1.11291709476255,-5.1079342388668,3.25699956463993e-07,4.77346780165136e-05,101929902,4.321166002524511
344.428901301872,2.43090350999837,0.67145773060337,3.62033736332736,0.0002942191420297,0.007725589034364,4811,2.112068398036272
168.36310718865,1.89473211034983,0.432590784258626,4.3799641122661,1.18698855938985e-05,0.0007170534671063,7107,3.144448459947973
95.8852695601691,1.8919788707565,0.521735687818323,3.62631676331736,0.0002874926570416,0.0076264900613164,56605,2.117675291366657
46.3249349959701,-1.51141158114608,0.421991831885257,-3.58161335586478,0.0003414789144142,0.0086088061859119,101928068,2.0650570695472803
505.532744520025,3.45447866999116,0.834055076116473,4.14178723793145,3.4460994719282e-05,0.0016148218954058,7837,2.7918753706133144
13.7765842251996,-3.08059490001681,0.71949930959287,-4.28158145385847,1.8556977231427e-05,0.0010135813799044,100874055,2.9941413763004725
335.3031392684,2.09424433146288,0.613630006694729,3.41287796981012,0.0006428071901047,0.0134177884681956,28951,1.8723190590706382
114.033523446152,1.584563494564,0.503212898231385,3.14889284462537,0.0016389027827124,0.0262135650191591,81553,1.5814739114127117
439.950368476649,1.76925806164053,0.529169132115749,3.34346422393649,0.0008273936174683,0.0161297653358041,11117,1.7923719509065574
5.29236960477314,5.5207192584349,1.60162655569184,3.44694538112859,0.0005669631919005,0.0123070318914131,2646,1.9098466740067574
34.9290910713937,1.45085667066368,0.408564036331733,3.55111204522577,0.000383607071509,0.0093924646122453,165186,2.0272204325419847
505.883445900823,1.24777311789257,0.404899013411792,3.0816896968419,0.0020582928062405,0.0305564804891959,81606,1.514896669472813
782.992542213772,-3.21745241480575,0.517436567347472,-6.2180615322557,5.03334190221395e-10,2.97182886883575e-07,92291,6.526976202805187
647.960899375988,-2.13116910035011,0.616763493186365,-3.45540733829742,0.0005494620201487,0.012016738610783,91461,1.9202133855389
121.60782013042,-1.70215232066586,0.579984284935604,-2.93482489935888,0.0033373595929849,0.0429965935093728,101927043,1.3665659509014716
558.036917264342,2.21869383294962,0.658160346728633,3.37105364061747,0.000748812760004,0.0150089385892176,5341,1.8236500193586507
433.129194132052,2.41657180893124,0.64299486129715,3.75830656571057,0.0001710672106967,0.0052684111908314,84168,2.278320336417154
922.213048113328,-1.45362559000415,0.420336826775266,-3.45823991001706,0.0005437169746182,0.0119430250275299,6697,1.9228856575977098
534.490374753262,-1.48168833155706,0.407155089903097,-3.63912515967737,0.0002735658238383,0.0073705837674317,94097,2.132498113642431
9732.18596524904,1.71612270475345,0.591903361518304,2.89932920865898,0.003739620186998,0.0464139646632515,3099,1.3333513327265951
6.33421387292372,2.56755794892945,0.876774356054321,2.92841360060304,0.0034069650579707,0.043511555624528,102724515,1.3613953895394761
14.6218997477072,3.03562841578227,1.00402714024699,3.02345254833997,0.0024990821744429,0.0350992666301779,84141,1.4547019576593694
253.512389160661,8.68734705385934,2.28164991803854,3.80748465624717,0.0001403874465726,0.0045048238873049,5968,2.346322182768539
2535.43435754852,6.81281788189267,2.12729425105908,3.20257429290795,0.0013620516258715,0.023261815577385,5967,1.6333563917370602
342.880896345636,9.13832348731117,1.27176967954937,7.1855176564275,6.69530215203691e-13,1.9765488424549e-09,5068,8.704092449347037
138.145260262148,1.72373217850795,0.523669384913527,3.29164207067899,0.0009960429265245,0.0185434478167836,8869,1.731809513525343
6.82632974440795,3.15531439755209,1.08950069316379,2.89611050029662,0.0037781933621704,0.0466684792763019,105374848,1.3309763506612537
17.3593049001041,2.64885490335489,0.891469214977594,2.97133637241917,0.0029650682872917,0.0397619313153044,101928173,1.400532529224194
157.286255120716,2.92515118485594,0.719387423259078,4.06616948014462,4.7792185620725e-05,0.0020618486761008,645784,2.6857432117712143
89197.3126266578,3.51124846775868,0.689923816550983,5.08932781203561,3.59334970966206e-07,5.0173359290653e-05,3514,4.299526820388383
1183.79111310169,3.56723938646204,0.702961323496701,5.07458841222973,3.88335641826074e-07,5.17739099247472e-05,28946,4.28588903620372
2777.13082986314,3.49687221364892,0.779449180823939,4.48633765956678,7.24578789947198e-06,0.0005110382489508,28947,3.291546593629252
946.83629697481,3.52082990700517,0.918022415940117,3.83523304646063,0.0001254452921988,0.0042083229923528,28948,2.375890935105906
2176.99694442095,3.67990451073022,0.801799213023932,4.58955864629962,4.44184191429497e-06,0.0003606162193869,28949,3.4429547439701897
2747.59674050305,3.53404346784578,0.617389579124146,5.72417090819595,1.03940075014419e-08,3.35612757839527e-06,28950,5.474161538445256
4111.75962510337,3.70643863064218,0.719959861349678,5.1481184293995,2.63112360983264e-07,4.05630622566423e-05,28908,4.3918692659291505
19.4960084120752,3.77359544981875,1.1256457909868,3.35238267671274,0.0008011919115565,0.0158385322602818,28907,1.8002850664835586
35.2504447379528,7.53035799460831,1.45489154604037,5.17588958098141,2.26827584547194e-07,3.77738978551366e-05,28905,4.422808198396358
1829.16426168293,3.53349912403997,0.787309209703516,4.48807035468391,7.18711958663785e-06,0.000508636391294,28299,3.2935925706786384
452.045502006166,4.43704139140159,0.750554079421481,5.91168779579696,3.3861990363840805e-09,1.4280776140179e-06,28943,5.845248188621677
73.9924159426682,4.1577421951073,1.08208391746978,3.84234727823076,0.0001218632424538,0.0041081629776668,28942,2.3863523355476515
913.883500027603,3.45669153702322,0.833296714682888,4.14821212674368,3.35081850390393e-05,0.0015845460957248,28941,2.8000951223129165
2780.47699684176,3.85909015617664,0.799189623823933,4.82875407930324,1.3738995315673e-06,0.0001471069109836,28914,3.8323669239309406
1044.02054961518,4.47894018223223,0.814604917160027,5.49829750334339,3.83475566192393e-08,9.32296773572448e-06,28940,5.030445818752563
197.855450460034,4.2471695513723,1.06638848908096,3.98276012434514,6.81195015311361e-05,0.0026583422833193,28939,2.575389100825061
1466.58563417255,3.75231875100687,0.89257022321235,4.20394793980726,2.62299291608319e-05,0.0013252848071114,28913,2.8776907806967813
747.883606816626,3.9435822517601,0.894684276431071,4.40779206212407,1.04429729904469e-05,0.0006539516268108,28938,3.184454375507716
454.114589005339,3.58881835451701,0.852273020235918,4.21087875517119,2.54379250676508e-05,0.0012979622753654,28937,2.88673792990755
5368.00678564839,3.92389647834133,0.876113644026851,4.47875284798221,7.50804013408702e-06,0.0005189085263241,28912,3.284909193238229
130.939805896368,3.87909853980451,0.732593115897535,5.29502455814377,1.19000417020856e-07,2.21544470066305e-05,28906,4.654539085847499
344.51563461112,3.3683184888421,0.880136281686214,3.82704196944238,0.0001296924085776,0.0042598921624458,28923,2.3706013947581988
33.2345538379958,5.24822560959289,1.32404135218855,3.96379282332681,7.37682787270523e-05,0.0028125857562629,28922,2.550894226959166
257.724591530777,2.73273469018981,0.816641403799136,3.34630925823345,0.000818950016862,0.0160842739500189,28935,1.793598538530559
1622.34196396802,4.17583877172895,0.726091967542749,5.75111550381267,8.865651637727411e-09,3.05347818489395e-06,28921,5.515205178407275
457.6743287028,6.14853004238969,1.05785341950384,5.81227032878856,6.163120840540251e-09,2.23440161701341e-06,28920,5.6508387630125
1385.51487924619,4.26552830525668,0.658264918724712,6.4799569047679,9.174882011079439e-11,8.61813348904348e-08,28919,7.064586783268538
343.08048059527,2.84370978317974,0.684059728713662,4.1571074334798,3.22302447114231e-05,0.0015479991955562,28933,2.8102292693414945
997.10610001713,2.91148682387005,0.739679435971149,3.93614677153688,8.28003445403431e-05,0.0030719373786825,28930,2.5125876416254975
610.953719266102,2.80592292873641,0.733984014231885,3.82286653977445,0.000131909183873,0.0042924926999649,28893,2.367290434750076
163.650257957439,2.32164457481192,0.805983053336602,2.88051289068771,0.0039702871632427,0.0482907499872928,28896,1.3161360496666765
345.819225515928,4.25656970621678,0.691676829835843,6.15398625862168,7.55592339618031e-10,4.00367069184785e-07,28881,6.397541651121499
226.17983633642,5.08567531814366,1.1914047007387,4.26863794896092,1.9667018455652e-05,0.0010601907897206,28882,2.974615972974047
1363.79644023128,4.13597851813341,0.711334160864406,5.81439602606377,6.085319456487661e-09,2.23440161701341e-06,28883,5.6508387630125
31.9583535293695,3.21206860631366,1.09964333826474,2.92100947147316,0.0034889922031811,0.0442602970403546,28898,1.3539856757554842
12.5395303236866,6.01371118462094,1.63148518903127,3.6860348013283,0.0002277752172017,0.0064656248124641,28884,2.189389500250913
64.9249459653468,4.86904482840526,0.868791160377471,5.60439038800735,2.08989195079033e-08,5.83616448149759e-06,28885,5.233872476819682
64.6542140896475,5.56029241825624,0.84570837742853,6.5747160210981,4.87461118801916e-11,5.0366920100208e-08,28870,7.297854605115681
263.829665435493,4.87307195026791,0.986408612553694,4.94021634467699,7.80359385707525e-07,9.21492954608343e-05,28874,4.035507980885945
98.0889815535402,5.08139908690492,1.13360086592852,4.48252929195037,7.37635138725115e-06,0.0005153794875008,28900,3.2878728706948777
59.0127369754001,3.77582617476048,0.953232212253722,3.96107698231611,7.46124709438269e-05,0.0028335689338378,28901,2.5476662175659066
507.947178850874,3.38131782955867,0.944134179968232,3.581395421647,0.0003417639375543,0.0086088061859119,28875,2.0650570695472803
127.460249353182,4.30181551620015,1.16389457350347,3.69605255848143,0.0002189776588605,0.0062594430672026,28902,2.2034643063423944
238.437080933403,4.78834935422775,1.07550201303804,4.45219934149801,8.49952035922978e-06,0.0005740506196836,28903,3.2410498099017326
96.6931146309102,3.79347954041555,0.906263444222465,4.18584636134164,2.84105477662616e-05,0.0014012027913837,28876,2.853499006180687
14.5053275737032,4.34554812739016,1.4083199033649,3.08562572822222,0.0020312432682113,0.0302418171020089,28904,1.5193921174808016
18.8885740306165,3.98045045799843,1.29626607881845,3.07070479050615,0.0021355418018991,0.0314547194128624,28877,1.5023141845209096
65.4369781245454,1.52671923312971,0.454133838439896,3.36182663325533,0.0007742872039041,0.0153852356429603,1844,1.812895847635331
326.640302197107,1.70535200156083,0.398623568662868,4.27810128558432,1.88494254196181e-05,0.0010250615165695,10865,2.9892500707009035
679.348826428185,2.37514541441898,0.547778500686999,4.33595953736809,1.45125640614116e-05,0.0008385640575422,3554,3.076463756224858
103.273664113761,2.4663367554643,0.491725663556535,5.01567629727899,5.28472401186254e-07,6.59013876214483e-05,8809,4.181105440793041
122.474211397815,1.75429667008527,0.509103374926214,3.44585551085676,0.0005692546426227,0.01234380607534,8807,1.9085509097795892
429.770467821939,1.35669308580421,0.352988783975761,3.84344530872508,0.0001213190450526,0.0041081629776668,3987,2.3863523355476515
9.30458499232985,3.18772213745823,0.962829644126138,3.31078520162453,0.0009303459259438,0.0176705869114237,100287216,1.7527490255832399
267.206051893374,-1.24430856297057,0.360505079579274,-3.45157012606518,0.0005573349048556,0.0121490778574283,440894,1.9154566847511634
6.08802562692814,-3.66498343204858,1.03955042915366,-3.52554655288093,0.0004226098929343,0.0100920532682827,105373985,1.9960204658377583
356.375704771589,-1.40392993169676,0.251561578639655,-5.58085992021777,2.39332342643315e-08,6.54377965260933e-06,151009,5.184171333002232
5.76242671876857,3.28419762897376,1.04394362749439,3.1459530404494,0.0016554658361157,0.0263357979240426,105373557,1.579453518819355
56.3785037252517,6.03306683652513,0.770060532433545,7.83453583507187,4.7057785393061605e-15,1.9448982702952297e-11,3552,10.71110310991918
921.405651751858,5.34297107710214,0.86095088129485,6.20589535731288,5.4386359479916e-10,3.12192810736796e-07,3553,6.505577102213025
9.63810741899639,-2.31784425525894,0.629978394748412,-3.67924404167001,0.0002339263380859,0.006594935575096,27178,2.18078944265241
439.469871625635,2.77752506584839,0.799797495342484,3.47278540133339,0.0005150870333737,0.0115322573615044,3557,1.9380856741719645
30.6561636103619,-3.06477316812782,0.773799137618225,-3.96068310125193,7.47356609174355e-05,0.0028335689338378,389023,2.5476662175659066
33.569499689858,2.42493296624722,0.707708108838364,3.42645920820028,0.0006115056032672,0.0130385456581011,105373582,1.884770847859142
3771.09934891713,-1.82186967237769,0.506350172866411,-3.59804295526201,0.0003206206744887,0.0082613793495144,29842,2.08294743526186
200.690647915135,1.76211482385367,0.492389150606078,3.57870359589502,0.0003453028162804,0.0086598091000437,2995,2.062491681621386
236.531239974557,4.30194561559868,0.865194186570635,4.97223130064046,6.61866707487674e-07,7.97391760244187e-05,8942,4.098328256382391
111.061371730901,1.35219843144672,0.387698068720655,3.48776158702252,0.000487082195067,0.0110461140524386,55843,1.956790476947122
4.01599317519963,4.38528077601237,1.4147501143719,3.09968575472375,0.0019372605916972,0.0293285641959143,101929319,1.532709197744124
30.3228271932151,5.10032092988807,1.13173470711591,4.50664002598776,6.58622276101263e-06,0.0004809338987856,7130,3.3179146104565054
122.018079234074,1.87917719386786,0.519725241425363,3.61571277299167,0.000299522338753,0.0078151882958729,4929,2.107060553809424
228.337304318674,1.54845234599012,0.484081914335811,3.19874033739659,0.0013802942894667,0.0234185398126689,5937,1.6304401874476975
53.5915328527781,1.9245149869846,0.608794708520448,3.16118875550305,0.0015712664120182,0.0255469869428457,57282,1.5926603139738609
53.5992715200628,4.88701941829764,1.19761332809868,4.08063212360558,4.49133906849825e-05,0.0019747557840535,2191,2.704486605453193
19.4180293791253,2.05779497929295,0.586064040244138,3.51121180960997,0.0004460688293766,0.0103857537039535,6328,1.9835619808245584
39.4384197591432,2.47236622097233,0.677962173224666,3.64676130706931,0.0002655664021742,0.0072209601328032,11069,2.141405052755117
102.778377477822,-3.98315859145892,0.725907607808403,-5.48714264544565,4.0848726603436e-08,9.81556901465121e-06,1134,5.008084519012507
121.586505099229,2.99488233311177,0.937025107875201,3.19616017536923,0.001392697738876,0.023570924466726,1123,1.627623383834423
348.534003869216,1.33556034319046,0.452344913155486,2.95252649990867,0.0031518501566582,0.0412756549349442,3676,1.384306026911307
17.8663007414652,-1.37083969218887,0.436282553322952,-3.1420914766081,0.0016774561858191,0.0265629364597333,107985783,1.575723916586923
107.637509535783,2.10366947656116,0.687758809717687,3.0587314140326,0.002222763322107,0.0323757259823737,10203,1.4897804843283335
217.207961004285,2.27586345156141,0.644738282231261,3.52990277494501,0.000415712403425,0.0100198423738466,7035,1.9991391104754674
65.2634006207798,2.92548276304048,0.822154230636257,3.55831382242779,0.0003732432102012,0.0092151385170964,105373791,2.0354981323105084
5395.61822009866,2.39134967413412,0.639555625912143,3.73908003814921,0.0001846949203114,0.0055475589073189,1281,2.25589807747131
84.2570196747956,2.57690186139483,0.617501282790524,4.17311175411597,3.00467467645537e-05,0.0014687642330391,100500837,2.833047911839241
720.675879471262,2.48029278067489,0.771382581052116,3.215386037486,0.0013026920794376,0.0225526653797526,1290,1.646802123794308
3956.80608081749,2.50348518614984,0.461172586230808,5.42852125407318,5.68228799610496e-08,1.21137801949726e-05,6772,4.916720310892013
15.7578731439926,1.96822696406625,0.608741540082407,3.23327197910595,0.0012238098943242,0.0216339020241323,105373805,1.664865141461834
109.645011926603,1.862402417427,0.402859004740729,4.6229633581744,3.78296565694797e-06,0.0003217077584396,6775,3.4925384653433627
1313.72678500756,1.91963194715869,0.521215792487335,3.6829888403762,0.00023051525453,0.0065168975724265,4430,2.1859591048567166
24.4467805621681,2.15608658094882,0.599360423902877,3.59731222643789,0.0003215224490831,0.0082742981448368,5334,2.0822688343802453
932.35582547675,-1.48341222648355,0.449192795598947,-3.30239541020597,0.0009586283058783,0.0179936600346494,55437,1.7448804891736331
111.62127264005,1.97502828066481,0.683658983641575,2.88890854639931,0.0038658148742311,0.0473838676662425,940,1.3243694932638903
64.9310237455268,2.41839874539661,0.713725645447087,3.38841508753927,0.0007029779114193,0.0142828139354888,29851,1.8451862213929466
166.40727815103,2.81065172488007,0.75402123381583,3.72754983391698,0.0001933503378767,0.0057490427801761,8828,2.240404459639764
82.8286757047185,4.75650625381111,1.27443143378279,3.73225748182683,0.0001897713730566,0.0056670887633182,26154,2.2466399849732226
2561.0300628651,3.57217425022055,0.927318601371003,3.85215420561955,0.0001170832493268,0.0040247064865506,3488,2.3952657863319966
23.7432454619872,3.43304902853064,0.779840085772045,4.402247449401,1.071352653667e-05,0.0006668524875912,285180,3.1759702244197534
40.4551739913666,2.98403207631805,0.800930915393803,3.7257047005744,0.0001947703166275,0.0057532220140099,3580,2.24008886644052
103.049382120661,6.50402286856115,1.80739056604255,3.59857077421972,0.0003199707791969,0.0082549265319669,3579,2.083286787562103
94.9127328679422,5.9627556489057,1.82932239317054,3.25954335395807,0.0011159172396159,0.0201930208026822,3577,1.6947987073167954
1487.38602072757,-1.23182843896608,0.328204190613021,-3.75323799694717,0.0001745649740529,0.0053522035442206,25953,2.2714673787135293
6498.70618236058,-1.37460826405965,0.409420213217137,-3.35745090174779,0.0007866471305455,0.0155709415255983,7429,1.8076851262238363
402.507029261566,-1.06801902018378,0.354738734390253,-3.01072005012242,0.0026062902341719,0.0361010392444166,57695,1.4424802958334264
20.6076541350949,-2.41434154298497,0.804836063475508,-2.99979294237781,0.0027016319293713,0.0371451921626474,255101,1.4300973905805558
688.428525827746,-1.4700992498358,0.401055571314525,-3.66557493520739,0.0002467835345708,0.006836168554834,79840,2.165187237710832
402.13528783629,1.57675946405079,0.461917407721209,3.41350950991317,0.0006413192026347,0.0134138272494407,79586,1.87244729103978
248.913301924826,-1.14992876655057,0.292462237476056,-3.93188801560994,8.42813267480955e-05,0.0031156952008039,112268432,2.50644503465915
520.910866591326,-2.4418371403949,0.717131637991956,-3.40500545650489,0.0006616273177242,0.0136725285207717,248,1.86415116201799
850.456200245083,-1.32860174450542,0.351763695539629,-3.7769723292998,0.0001587463602072,0.0049704447480058,25791,2.303604749503481
71.170266212441,-1.17572143737733,0.401511871314329,-2.92823580415858,0.003408914036105,0.043511555624528,101928881,1.3613953895394761
1624.45032951603,-1.40306940080345,0.458660169060734,-3.05906092451133,0.0022203199136985,0.0323757259823737,8527,1.4897804843283335
289.196700166411,1.44768847251517,0.460551223191162,3.14338210304628,0.0016700767662314,0.026486674116787,10123,1.5769725718427916
1673.76370382209,2.87807869588305,0.74463485734134,3.86508725385084,0.0001110494935464,0.0038488483945972,1293,2.414669195345156
125.880260657226,7.44422256959591,1.94747785810135,3.8224940728484,0.0001321086550775,0.0042924926999649,151176,2.367290434750076
14.8870604267933,-2.89126405351078,0.651132902248101,-4.44035932377,8.98087967555828e-06,0.0005891742174457,189,3.2297562663542814
77.9002729078002,-1.88986889278065,0.558002098633359,-3.38684907710788,0.000707002693198,0.0143192154152258,79919,1.844080777431296
719.092670667894,-1.0266921035002,0.321060942834121,-3.19781065375693,0.0013847517100884,0.0234748926078567,728294,1.6293963858529874
431.810735798323,-2.11091066818084,0.399067619064483,-5.28960649107376,1.2257979686368e-07,2.26170669838209e-05,129807,4.64556371573824
104.603830820217,2.33588520322599,0.754692485660412,3.09514835195679,0.0019671447903624,0.0296722971480585,10752,1.5276488304911227
303.106052057276,-2.66221225205538,0.692437799052965,-3.84469515629627,0.0001207023937424,0.0041024917215263,63924,2.3869522866427118
1419.2262884539,-1.44347424643092,0.316779825034933,-4.55671142021669,5.19607353487052e-06,0.0004067305287806,132014,3.390693228669036
277.514037844209,2.07382545690431,0.684223253756177,3.03091928770272,0.002438104121842,0.034532845563993,6533,1.46176763358735
204.837307436099,2.23965618812563,0.678106119888814,3.30281075842946,0.0009572096180023,0.0179936600346494,80852,1.7448804891736331
109.482914980788,1.88338610007839,0.608130050243228,3.09701206070167,0.0019548192039462,0.0295294874631201,152273,1.5297440909242017
679.200458654517,-2.39341030610571,0.644474056480929,-3.71374189858725,0.0002042170759525,0.0059387874573771,7068,2.2263022173631604
6.6691653679241,-3.55333858951255,1.1858980594223,-2.99632718114367,0.002732530754402,0.0373958596289527,644990,1.4271764790786075
4338.53542769983,-1.43444004941748,0.439559042513155,-3.26336148430971,0.0011009898955242,0.0200123427234732,50853,1.6987020681692646
880.083560801458,-1.67542954624031,0.522007314285597,-3.20959017314394,0.0013292434581873,0.0228525923988697,9940,1.6410645264185277
3007.78053012252,-1.50307214315043,0.435642272034505,-3.45024401817319,0.0005600800478613,0.0121739053623877,30,1.914570078692141
606.228215966826,1.59478753671739,0.459765802638746,3.46869542615912,0.0005229919981576,0.011658715902834,64651,1.9333492803680576
6.52914710714367,-3.90177063279667,1.1467000558593,-3.40260786843061,0.0006674600166286,0.0137107964648422,105377046,1.8629373161631446
5.76556124795754,-3.29814007299392,1.11220814411653,-2.96539823992545,0.0030229133358815,0.040095317128365,57467,1.3969063471820624
127.558211209401,-2.90477887769973,0.613440057610499,-4.7352285551983,2.18808378001899e-06,0.0002127763238263,152206,3.6720766987625426
5.5417984368178,-3.75231485808492,1.19971041770396,-3.12768381662152,0.0017618960830142,0.0275412878634568,100874114,1.5600157554764995
116.270132438621,3.54140182768696,0.795626160597057,4.45108771314081,8.54364335337848e-06,0.0005750957325653,25907,3.2402598550248074
190.753703719813,2.8127644326173,0.638491551939603,4.4053275631803,1.05624146077315e-05,0.0006594329240748,10663,3.1808293732573962
23.1724821569995,2.7685462185234,0.790397274068072,3.50272743765177,0.0004605204378694,0.0105858229683779,2829,1.9752753731918582
137.007721058173,2.41472543165842,0.609006038039603,3.9650270782724,7.33876157094351e-05,0.0028084353308064,1230,2.5515355720717223
230.187033036856,2.00626392364612,0.525007248888295,3.82140232900477,0.0001326949671121,0.0043038177677587,1234,2.366146125848248
2155.82450558494,-1.19041581459655,0.3422530299372,-3.4781746557948,0.0005048408664628,0.0113274012002768,259173,1.94586971713039
60.4114145825792,7.06196319255075,1.94762185519139,3.62594164453797,0.0002879103723903,0.0076277792890345,90226,2.11760188182178
2799.21931346692,5.06217026991653,1.04808595384458,4.82991900745118,1.36588597921489e-06,0.0001470105925024,1294,3.832651372057217
43.7130145706241,5.09774275627496,1.21542172152869,4.19421725478406,2.738154555005e-05,0.0013746148892869,100313843,2.8618189562947607
3583.74567170017,-1.60764205485458,0.357987481437219,-4.4907772986931,7.09637196794775e-06,0.0005056776783366,51447,3.2961262166051437
1781.16237102141,1.07640017680954,0.348746428860478,3.0864837249421,0.0020253903387556,0.0301981900074927,2771,1.52001908662282
355.130485503303,1.41424785877402,0.416740007604964,3.39359752595342,0.0006898099136971,0.0140998238047,8692,1.8507863143747363
842.971550358336,1.56017011410866,0.451527580283742,3.45531520605726,0.0005496498296405,0.012016738610783,7873,1.9202133855389
576.604830752106,-1.019044021483,0.285001070625833,-3.57557962587748,0.0003494527912602,0.0087110276615115,95,2.0599306071741212
191.745873337236,1.75136992078871,0.538845834194039,3.25022447915601,0.0011531394590155,0.0207575147391609,1849,1.6828246450277888
166.033239185642,1.11544963455497,0.375839420323794,2.9678888755043,0.0029985271486768,0.0400029461119478,132160,1.397908022845896
681.470271602006,-2.49583781690571,0.442776613718141,-5.63678780581327,1.73251374378921e-08,5.04259105850761e-06,55349,5.297346250606457
198.025083969705,-1.70484329547721,0.364392632497557,-4.67858881721118,2.88856044082835e-06,0.0002618074627619,55540,3.5820179781438575
541.117793570977,3.80550146355816,0.777157680623776,4.89669157036925,9.74636304255778e-07,0.0001123124297674,7474,3.9495721771252716
141.426247994867,2.5744114685589,0.633213997485857,4.06562627923651,4.79036472702481e-05,0.0020623518142493,56999,2.685637246931181
35.8353141149335,2.17577938297383,0.672259858898194,3.23651539531134,0.0012099869941492,0.021480716427255,4286,1.667951238092832
236.436333342459,2.47437313976532,0.708935325194327,3.49026639219461,0.0004825392818079,0.0109820201085479,6091,1.9593177654141674
342.1510866696,2.2837086116347,0.502660666033691,4.54324112856214,5.53958234159599e-06,0.0004208656951804,11259,3.3758564722111686
36.7167736571807,1.97920074908434,0.595609580421959,3.32298340077434,0.0008906021388039,0.0170884802213398,55076,1.767296559914442
1681.84725929441,1.28713607466772,0.359933865678996,3.57603492585952,0.0003488450667361,0.0087110276615115,64332,2.0599306071741212
244.73554201703,1.30559586032532,0.425173180858482,3.07073898144079,0.002135297291457,0.0314547194128624,10225,1.5023141845209096
186.507383939362,1.69212474440318,0.476822477826289,3.54875204733876,0.0003870613671708,0.0094658262160764,57514,2.0238414730448544
30.7043288663369,2.8453488384833,0.890687788648606,3.19455242874768,0.0014004784485706,0.0236059438333714,941,1.6269786305459903
50.2313869556225,3.82426959132073,0.796934648863346,4.79872420753096,1.59679490401608e-06,0.0001683559525076,51365,3.7737715237932514
23.0713521970345,3.05284184547381,0.900032310655112,3.39192472240437,0.0006940350525283,0.0141721683404134,100130701,1.8485636976542419
1249.86621935509,3.03161867882635,0.661168188411412,4.58524582997621,4.53452594810377e-06,0.0003634120131187,11167,3.4396007205477166
56.8200958503362,3.31902880675346,0.778386313881522,4.26398659324148,2.00811498263837e-05,0.0010750698475705,406975,2.9685633186051166
371.079271768288,-1.36603912674973,0.470965026645405,-2.90051075868577,0.0037255504868422,0.046399098086451,286676,1.3334904612529723
157.555263261006,2.05661572289176,0.679998423498561,3.02444189842465,0.0024909231156197,0.0350407938626828,942,1.4554260632837215
81.7995930226613,1.60063923804802,0.433399597975958,3.69321809600942,0.0002214339569514,0.0063203490613269,105374071,2.199258935764787
1616.69071331975,1.38636578528799,0.409707596482302,3.38379321543255,0.0007149182494709,0.0143994011942655,83666,1.8416555678654078
2558.94323302849,1.27858482821502,0.421213901073273,3.03547633389383,0.0024015607000867,0.0342027924653987,54625,1.4659384347975195
89.9222990148673,-2.02278384223514,0.691139762716193,-2.92673631493225,0.0034253916356547,0.0436410099573396,105369194,1.3601052073544528
326.559567854807,1.99195240502236,0.642396743666628,3.10081335975154,0.0019298989227727,0.0292385346327697,57493,1.5340443969963002
26.9506598895264,-1.23432173180787,0.407873519195411,-3.0262365015575,0.0024761853942816,0.0348944215109546,101927056,1.4572439971283757
435.410707605348,1.60056155796599,0.4936702844345,3.24216710714002,0.0011862444353444,0.0212240184038031,5361,1.6731723864394727
589.719939075785,1.99521889968565,0.565321753151183,3.52935100863184,0.0004165801985754,0.0100198423738466,23129,1.9991391104754674
297.344780649863,-1.17248486380696,0.293193139116515,-3.99901876060276,6.36056387025238e-05,0.002533617521045,28990,2.5962589462943186
100.971014640597,2.25157550922914,0.630865071816035,3.56902863990815,0.0003583072586036,0.0088782008381838,55,2.0516750348086905
88.8814097173082,4.09525529569647,0.654872173774057,6.25351856392879,4.01306837081346e-10,2.43911934949589e-07,51554,6.61276694853443
83.3871481022792,2.01433864178697,0.620297941976972,3.24737276310639,0.00116475729915,0.0209119979035056,22808,1.6796044733029338
28.2459387142388,-4.58050896496919,0.797222335280685,-5.74558534333648,9.16035398494669e-09,3.09352951578261e-06,5948,5.509545735961948
161.935015407638,2.98394459886663,0.567765534579745,5.25559305228931,1.47548226855077e-07,2.60605479312834e-05,9435,4.584016457348254
270.564269079113,1.20813068289022,0.303838590571451,3.97622527348487,7.00178015901726e-05,0.002714667673285,2992,2.566283328687426
72.5776112496204,3.1753393320817,0.692411820314518,4.58591150370505,4.5201004391421e-06,0.0003634120131187,116441,3.4396007205477166
89.8788166935871,2.41680321429084,0.583622066101136,4.14104153127074,3.45732347887529e-05,0.0016164160563565,29909,2.791446844227661
91.3889483463421,3.02592483694612,0.592559678269322,5.10653179403614,3.28125422631745e-07,4.77514919625705e-05,53829,4.321013054635437
18.2611485323808,-2.26220086276193,0.651585301089787,-3.47184145955774,0.0005169015031017,0.0115603566683955,285313,1.9370287665446868
17.09327342095,3.06136473927489,0.948395687448774,3.22794038373381,0.0012468495632552,0.0219270672233275,56670,1.6590194519476742
251.632073648013,3.37069696189664,0.959803181647245,3.51186266762707,0.0004449778743574,0.0103857537039535,4311,1.9835619808245584
11.9037281146088,-4.42053259198623,1.14352914254209,-3.86569299157456,0.0001107742129763,0.003847309430516,590,2.4148428829519872
30.0941217390747,1.82999617740303,0.504805633240523,3.62515007143571,0.0002887936990661,0.0076316135437364,5274,2.117383629927679
42.5975516132365,1.74874214920438,0.603780173479065,2.89632257900733,0.0037756407147579,0.0466648417287514,56648,1.3310102028120747
164.661431396682,1.82283113022793,0.501351787707256,3.63583251306226,0.0002770843246486,0.0074170305296159,59345,2.129769933362962
336.965191452467,3.40830369828483,0.750445834717804,4.54170513127903,5.58010535047687e-06,0.0004209875703473,27074,3.3757307265141385
4.12293889571981,-3.97804718078358,1.36025497039556,-2.9244864142101,0.0034502514019253,0.0438765816743311,170572,1.3577672146844553
40.6901206397631,1.52507772620491,0.464890064775749,3.28051262386209,0.0010361862762413,0.019135647362402,2119,1.7181568409302936
1110.30584599887,1.33315286029644,0.353107071340293,3.77549182245537,0.000159692263714,0.0049924971704237,51726,2.301682172600419
305.990501768393,5.15868483491151,1.58604231787262,3.25255182461394,0.0011437373694473,0.0206062186047333,5648,1.6860016971955851
63.4102505746279,4.30681970374596,1.02773924336258,4.19057628825654,2.78246839747447e-05,0.001390765610271,9076,2.856746056739276
12.2646234268143,2.72569058322175,0.877692902514731,3.10551740296886,0.001899464430218,0.0289685848342852,131578,1.5380727203182534
43.5066789469261,-2.01230520040263,0.553329488359168,-3.63672141596841,0.0002761302926045,0.0074170305296159,347,2.129769933362962
28.3396969773941,2.39330077246279,0.660169736462382,3.62528095469454,0.0002886474697644,0.0076316135437364,84984,2.117383629927679
4370.25329024353,-1.95153299180382,0.544213056806867,-3.58597238231347,0.0003358245009767,0.0085060980218458,80235,2.0702696169075057
65.5956693939109,-4.08072109137429,0.938165306319581,-4.34968236822031,1.36334863025303e-05,0.0008011288739777,105374309,3.0962976153073054
361.04277874005,2.31654397061746,0.758011956565592,3.05607840424217,0.0022425260700922,0.032523404954228,10417,1.487803993354029
1002.24861822424,-1.60900232660879,0.532471259842305,-3.02176370436464,0.0025130663896332,0.0352323724163977,2261,1.4530581120654131
8.09162574457305,-2.14544167469089,0.729440082521655,-2.94121714188526,0.00326925270787,0.0424632980566533,102723763,1.3719862779001004
62.6985645606315,2.95578898138173,0.804516220245307,3.67399551059452,0.0002387869291421,0.0067043736936347,57537,2.1736417866569595
161.53081794566,-1.01484136445179,0.333809723241666,-3.04017916133942,0.002364374537861,0.0338323356170723,84448,1.4706680196346373
217.366964143283,3.33425170186481,0.875167969974829,3.80984201462572,0.0001390556211316,0.0044690270772718,94031,2.3497870139961408
24.8234067043067,3.95653977341954,1.09844789181962,3.60193669894107,0.0003158552854244,0.0081589368416209,112268463,2.088366428733739
55.117187676327,3.66015688488551,0.852441284834137,4.29373488826,1.75692251946153e-05,0.0009759893512008,8532,3.010554920796383
61.7923012690531,-1.67747441609902,0.406165225011881,-4.13002963523021,3.62716475599406e-05,0.0016768536841748,105374476,2.775504830612596
1870.13243992833,1.58274580786084,0.397284903796379,3.98390624143133,6.77916279277467e-05,0.0026578764000577,51056,2.5754652190370053
77.2976392502521,-2.79328955096613,0.905484426318698,-3.08485653621059,0.0020365035945361,0.0302983058179196,105374528,1.5185816551445435
397.383743457935,-2.96971003572838,0.974481021106607,-3.04747857721849,0.0023076997467615,0.0331631538712297,105374527,1.4793441740283133
24.9631441754632,-1.82287849102631,0.497108261763949,-3.66696478662007,0.000245446579858,0.0068089101199952,285540,2.1669223986235004
7.93642931326205,-6.06355923999922,1.55229392061012,-3.90619273804537,9.37617350369688e-05,0.0033873885568862,101929199,2.470134983918427
29.0784223636679,-3.89233609031952,1.05684557851497,-3.68297523256788,0.0002305275647444,0.0065168975724265,105374404,2.1859591048567166
402.271801928134,2.36345489014325,0.749625338000575,3.1528481900667,0.0016168586786215,0.0259592609901058,51088,1.585707675218643
291.022807750571,-2.55739120119999,0.656391756258474,-3.89613546607819,9.77397348288494e-05,0.0034836360548153,2555,2.457967223251514
145.021783999701,1.22384380637287,0.387715137223813,3.15655410086914,0.0015964526893469,0.0257834154352604,57205,1.58865955376157
307.605155552634,-2.267388921062,0.776747915679182,-2.91907950480873,0.003510666734917,0.0444855226677608,1259,1.3517813024680687
453.156072304245,1.50979064895479,0.298712549508279,5.05432614545356,4.31912987915173e-07,5.50955672547348e-05,6443,4.2588833411527425
766.01318391835,1.76529358067333,0.520596025674806,3.39090867700176,0.0006966130909248,0.0141827680039037,5156,1.84823900106368
230.26650942757,2.85564097675946,0.712640237787876,4.007128457444,6.14614389121073e-05,0.0024662148254732,3791,2.607969095844904
227.033353652933,1.81865992368921,0.582471312935178,3.12231672753917,0.0017943378529512,0.0279006709791095,79644,1.5543853523170565
890.822338397434,1.34240837196629,0.396687715585528,3.38404321390402,0.0007142676022997,0.0143994011942655,55858,1.8416555678654078
1102.55415035536,2.20823752311513,0.562138352411612,3.92828120273531,8.55551384697537e-05,0.0031515096906906,3490,2.5014813531085762
233.254803537619,2.58866595063197,0.637504622102429,4.06062303061395,4.89419387431011e-05,0.002097755558629,255130,2.6782451194424914
57.609123422472,-1.22367104398991,0.418024950226665,-2.92726796170038,0.0034195411932873,0.0436141884257785,7364,1.3603722044786566
5.19951684377384,-4.68996356220841,1.55293503956767,-3.02006422851665,0.0025272108660228,0.0354066525738042,10720,1.4509151304981602
23807.6671296298,3.18855073181338,0.799818267303986,3.98659403286861,6.70285698190835e-05,0.0026434072429606,3512,2.5778359243650324
1549.53025300466,7.21320136347818,1.51377414872142,4.76504462014408,1.88811861898221e-06,0.0001931582735706,3576,3.7140866849351437
477.92069252301,7.37580229183144,1.68028512960506,4.38961350182576,1.13552298959847e-05,0.0006942480053269,6372,3.158485359365627
1953.40602259647,6.16384639025663,0.975392695004379,6.31934852682997,2.62668268812715e-10,1.88689620311844e-07,2919,6.724251989423168
20.331319260784,2.97257726437254,0.983328298534397,3.02297540791109,0.0025030258303707,0.0351154302678964,5196,1.4545020058229947
524.191895612542,10.6548303033003,1.72082250190668,6.19170791379977,5.95157646511143e-10,3.32403588247372e-07,6374,6.4783342967181845
447.648260250132,4.70166922399965,0.861215913047791,5.45933853841684,4.77911726552261e-08,1.08527976145082e-05,2921,4.9644582957388455
292.851348983397,3.05116073471791,0.99295701718749,3.07280242941452,0.002120588341534,0.0313461788825476,2920,1.5038153923569197
690.015018908899,2.31463770852618,0.745793069116509,3.10359240971249,0.0019118651825337,0.0290863128179858,374,1.5363113294334367
2454.95563996299,5.37461316844629,1.05594161291381,5.08987722684339,3.58295417706848e-07,5.0173359290653e-05,4283,4.299526820388383
435.12298334364,4.97354737101974,0.543771090303352,9.14639902655575,5.88629538923896e-20,1.21640294218623e-15,3627,14.91492253807271
14.6009984604881,-1.93985573652259,0.64332875161153,-3.01534127250379,0.0025669025380482,0.035820816702646,339965,1.4458645166051034
48.6416056379206,-2.49648119472618,0.729473254085542,-3.42230668601515,0.0006209223366505,0.0131334289527976,80144,1.8816218709508505
3.73950253149392,-5.68814320060499,1.72041508360669,-3.30626210779338,0.0009454959823271,0.0178598486972485,101928942,1.7481222246315937
94.614480249307,1.834764154649,0.625148293258272,2.9349262797891,0.0033362694145723,0.0429965935093728,5783,1.3665659509014716
297.041523942269,2.20860089451929,0.660178863537753,3.34545835454938,0.0008214669437651,0.0160842739500189,27071,1.793598538530559
242.232994748216,3.50145736687008,0.594052484926674,5.89418857039589,3.76526994998512e-09,1.46810006634797e-06,3426,5.833244341707655
122.337043923162,1.65048469760045,0.429533292987148,3.84250702925101,0.0001217839250792,0.0041081629776668,132720,2.3863523355476515
535.408434896361,5.93121755185572,0.98827625449078,6.00157853120921,1.9540839083576203e-09,8.77850955787178e-07,79931,6.056579213676844
1420.38318357653,2.45721521029952,0.554885185540952,4.42833089498327,9.49651323272541e-06,0.0006113565294525,308,3.213705445050698
94.2037297003007,2.71092552849766,0.870808156040681,3.1131145358393,0.0018512415889279,0.0285425856188414,2247,1.5445066875236848
343.194140540227,2.57634665547001,0.647705652300622,3.97765041314514,6.9599596076806e-05,0.0027086170488271,54510,2.5672523922859876
165.624725271803,2.69767181364947,0.712383949571705,3.78682284359628,0.0001525858062703,0.0048213848418618,23657,2.316828201844834
27.9004526939214,5.02172808454643,1.06478102862752,4.71620732294538,2.40281596354655e-06,0.0002238852437082,101927613,3.649974529856844
133.402929415719,2.33877315827705,0.699394225546082,3.34399838152931,0.0008258021919467,0.0161296808096215,7097,1.7923742267828706
84.5720968748181,3.54998455638935,0.733939595742448,4.83688927124611,1.31886848465291e-06,0.0001434443012386,6999,3.843316700745214
200.576287720995,-1.32261687477298,0.457529150718147,-2.89078165335907,0.003842850107083,0.0472412239517377,1363,1.3256788589713122
36.3811592878536,2.33512058180454,0.813236384803913,2.87139216276898,0.0040866818953436,0.0494445441260402,7424,1.305881622907584
19.5894868608661,5.78484556075322,1.40719014619236,4.11091960557437,3.94086408915306e-05,0.0017977473819502,731424,2.7452713350348934
647.448346327025,1.91330690363429,0.618289196285191,3.09451776794715,0.001971331266423,0.0296920995777197,79888,1.5273590916333744
31.5981322534874,2.66789548326508,0.923589317044651,2.88861665464251,0.0038694047479641,0.0473895591744176,81792,1.3243173311615053
78.357738294362,-4.46652909075496,0.98919652792913,-4.5153101175007,6.32241752090888e-06,0.0004649564344113,51151,3.332587737822185
1155.05753734331,-2.60474311690811,0.630776370000102,-4.12942405706747,3.63673100149989e-05,0.0016775233514731,23600,2.7753314256475985
1118.64533461475,-2.5864404019608,0.623037014467237,-4.15134308540638,3.30529845394021e-05,0.0015702067253028,100534612,2.804043166859522
907.780061269336,2.2769707152969,0.657279644254135,3.46423434104787,0.0005317430657336,0.0117902043491254,3575,1.9284786675996992
68.409988020907,3.19677308108917,0.913618720860151,3.49902317903412,0.0004669659850644,0.0107005897786931,6507,1.9705922848780495
297.045395978562,2.94069015013722,0.751780604465767,3.91163343755981,9.16739819403248e-05,0.0033306707666868,9180,2.4774682947413864
50.8160689789158,2.23668412171053,0.633952500763325,3.52815726575319,0.0004184634605633,0.0100436090737992,84674,1.998110199622586
72.2392948926616,-2.3177288308935,0.765306088151933,-3.02849914142244,0.0024577177560009,0.0347154732930689,2690,1.4594769094174533
75.6559730593204,2.32061042425712,0.53853932777044,4.3090825583054,1.63933168988715e-05,0.0009255953380196,643977,3.0335788414779374
18.8159130848156,3.79664991858357,1.15165160390172,3.29670006599286,0.0009782791184032,0.0182786057701654,2255,1.7380569338437664
627.248983625308,1.77195804474322,0.497710152828273,3.56022081260337,0.000370543080119,0.0091594171658612,3672,2.0381321605792593
176.843369246954,1.08414130555354,0.347728191044186,3.11778375603655,0.0018221644511848,0.0282060137705873,53918,1.549658286399152
734.902010049932,2.94474742979811,0.761530953370066,3.86687818369887,0.0001102374574188,0.003847309430516,3673,2.4148428829519872
38.3048934184892,-5.09290451207567,1.42409146205301,-3.57624818895664,0.000348560747883,0.0087110276615115,8988,2.0599306071741212
87.0389561947811,1.99876952810695,0.643102640985816,3.10801013823085,0.0018835160669175,0.0287678193073541,3003,1.5410930577717221
97.4643374460368,2.43886310430885,0.695140340100392,3.50844709135515,0.0004507308775711,0.010465565825852,493869,1.980237286350404
28.5065955107099,3.99338758934273,1.15229913912687,3.46558237678511,0.0005290844161587,0.0117633611579995,133396,1.9294685690926472
66.3883766980848,1.71891201305472,0.472989926349478,3.63414085014712,0.0002789084731681,0.0074369594813146,54557,2.1286045846668014
903.796742282114,-2.01981958237006,0.694126685790668,-2.90987167575803,0.0036157718056303,0.0454500756468074,57486,1.3424653896045289
31.5186003855091,1.86600631486226,0.603833796221797,3.09026478235883,0.0019997813104529,0.0300330528928123,441081,1.5224005190460186
60.8695050633756,1.985673499962,0.561922258716633,3.53371568604001,0.0004097616036847,0.0099269912545664,167465,2.0031823607230055
22.0406024697005,2.72279546821072,0.854832052695163,3.18518176713909,0.0014466311339521,0.0240310549703546,2151,1.6192271631225845
285.717322047786,2.86580439403489,0.602133663814136,4.75941566841128,1.94154224505562e-06,0.0001968119181582,2149,3.7059486059371025
66.2322253569173,2.23826570460813,0.681336614625442,3.28510996849714,0.0010194257512824,0.0188936620181633,5924,1.7236838578460945
52.9677655749434,5.98051659017262,1.11292206915366,5.37370652980275,7.71343623619552e-08,1.54755494971826e-05,100505994,4.810353921347756
89.2441368369106,2.18982754290517,0.66488996100535,3.29351873442942,0.0009894174777021,0.018453350339995,79772,1.7339247730237113
747.333218928141,1.77137533341377,0.464603269757505,3.8126622189687,0.0001374779395687,0.0044321086133969,22936,2.3533896053146104
164.70583000561,1.45624555846533,0.502305704155745,2.89912208126907,0.0037420915949383,0.0464167603897962,7903,1.3333251739604979
34.6957684978513,-2.33701686065092,0.709746844055538,-3.29274709739752,0.0009921367409101,0.0184873812000969,105379130,1.7331246037622257
40.6641929991214,1.63273199257565,0.515066111344447,3.16994645272589,0.0015246703224748,0.0249464071369295,353376,1.6029919940471835
89.4296412835213,3.00540957556028,0.812254482929934,3.70008370371719,0.0002155283665901,0.0062031945620978,51334,2.2073845970519725
163.407505768347,2.92032460028987,0.751378342682961,3.88662333527237,0.0001016482921538,0.0035968526667124,4015,2.4440773512680267
194.706943796304,-1.38737543422217,0.447256926061309,-3.1019652315725,0.0019224053558356,0.0291892040252347,401207,1.534777747840407
11.5592365135507,2.29386218467732,0.778511402169673,2.9464721753393,0.0032142133552922,0.0419859159210585,337876,1.3768963682582502
57.5473991011986,7.33750792402973,1.44501487175337,5.07780789489486,3.81814452713887e-07,5.17739099247472e-05,1437,4.28588903620372
177.015585892702,-1.62609173028842,0.563436752011464,-2.88602354121076,0.0039014297387129,0.0476923656963235,6583,1.3215511346142075
103.253710237573,-2.43117905519145,0.686602407622432,-3.54088338199998,0.0003987897983351,0.0097181499794757,116842,2.012416402787308
344.865841941126,1.0341469973596,0.333901469368521,3.09716216378261,0.0019538295929742,0.0295294874631201,79770,1.5297440909242017
58.7372054923276,2.52575646517505,0.699761499061469,3.6094533188274,0.0003068429838696,0.0079759877505232,497189,2.0982155216828935
11.1969623593341,3.85082953097482,1.01652759719826,3.78821936717549,0.0001517308517981,0.0048017121782678,105379189,2.31860387575261
1598.19087644971,3.12791194108012,0.658324731452428,4.75132072613946,2.02092287051062e-06,0.0002017505851164,7045,3.695185197064602
759.580286405946,2.74408135259489,0.601178458199458,4.5645037927897,5.00677150008932e-06,0.0003961218589971,51237,3.40217119147633
96.1051106867484,2.54004223557221,0.843671976111243,3.01069883496674,0.0026064723228971,0.0361010392444166,641700,1.4424802958334264
856.856621633983,1.39958865374705,0.464497911499947,3.01312152131649,0.0025857535244417,0.0359103471657185,340061,1.444780396282252
564.078595083472,2.59038817959347,0.69916337744456,3.70498264520281,0.0002114052066741,0.006119778430177,1839,2.213264301431797
1474.29799422128,2.46180187868223,0.715468775463651,3.44082364333354,0.0005799463972673,0.0125166277985087,6690,1.9025126620015314
288.126010057947,-1.98682976503033,0.518853873056443,-3.82926652031408,0.0001285257551635,0.0042394655286499,81789,2.372688891659408
344.044135726733,1.81242618752213,0.562864885889822,3.22000222958819,0.0012818959973534,0.0222894732879019,1436,1.651900194007894
568.500793867355,2.82903646137449,0.733489004373778,3.8569582427344,0.0001148067655729,0.0039572628708704,5159,2.40260509970198
384.332882608439,-1.58901443243258,0.362731441391511,-4.38069119769934,1.18303432090861e-05,0.000716932675706,6534,3.144521625283634
844.381021372631,1.65953574626158,0.554005660282302,2.99552128297018,0.0027397618116774,0.0374452234380391,2760,1.4266035736068448
2568.63873010731,2.54205720859277,0.665904085267254,3.8174524902825,0.0001348367415001,0.0043537519735952,6678,2.361136315664041
68.4183960446376,2.98610448046617,0.817340723539663,3.65343900587044,0.000258751275287,0.0071010559147493,101927096,2.1486770676397393
255.392962974724,-2.90442869539058,0.877449205845587,-3.31008185549797,0.0009326869135779,0.017698783350861,26762,1.7520565868680318
107.009434929306,2.22048097693191,0.541034867168709,4.10413655695041,4.05827709935629e-05,0.0018347631990408,84868,2.73641997936074
174.571136696426,1.42891209097181,0.473198161004402,3.01969071041786,0.0025303293444208,0.0354206312253102,3702,1.450743703585629
1485.54662419923,1.02397468355244,0.350790952488253,2.91904530686757,0.003511051897949,0.0444855226677608,153830,1.3517813024680687
4.20997740320377,3.8804222184036,1.2571793338306,3.08660993223619,0.0020245307070779,0.0301981900074927,3593,1.52001908662282
80.2556839707512,2.14041323254717,0.740685062473423,2.88977507579204,0.0038551755512066,0.0473364246973765,107075116,1.3248045472695842
31.1893095091729,-1.62742501199991,0.492341921391259,-3.30547723297894,0.0009481480669911,0.0178935888624409,101927969,1.7473025455790887
51.2938987551246,1.83163528443526,0.489029400466788,3.74545023813892,0.0001800705389746,0.0054548088273126,133874,2.263220465368598
475.552960280657,2.03523927646584,0.38969832720102,5.22260203446036,1.76426285359615e-07,3.08970270081054e-05,3937,4.510083307503698
190.116622609878,1.95484772015801,0.652183654805737,2.99738839781303,0.0027230354059045,0.0373400973211795,285590,1.4278245544641726
49.0905573303229,4.95238894393914,1.24283729333623,3.98474439936148,6.75527991758398e-05,0.0026539517014614,8614,2.5761069850057443
6.61497585172176,5.83742361058855,1.4714056379052,3.9672429275853,7.2708871353984e-05,0.0027928045102789,107984118,2.5539594628233333
9.79549160145519,3.96958836153396,1.07401414228726,3.69602988009093,0.0002189972096582,0.0062594430672026,4488,2.2034643063423944
40.572704899803,2.09465918872163,0.707242058392508,2.96172882235338,0.0030591708570702,0.0404102121972405,3274,1.3935088690364743
63.4844004875509,2.08758129942278,0.57015321131911,3.66143916754049,0.0002508024166868,0.0069196688128614,91522,2.1599146911196523
169.858684546555,3.77053854615098,0.829815705674557,4.54382644286771,5.52421470846057e-06,0.0004208656951804,9509,3.3758564722111686
472.643141112693,2.80023238706266,0.62483771310638,4.48153549045769,7.41079057225778e-06,0.0005156363204569,3662,3.2876564993510993
8.77732758474165,4.55249689247562,0.941866035578458,4.83348663239529,1.34162291802095e-06,0.0001451551706853,107986554,3.838167489215037
38.638708026332,5.74262840889297,0.836700441500158,6.86342222862552,6.72301333809261e-12,1.38931070631684e-08,94234,7.857200617510076
347.46807676723,1.77696145762903,0.518534244218854,3.42689316557277,0.0006105292197326,0.0130385456581011,5272,1.884770847859142
2433.06349528047,-1.4422601966185,0.442220106890059,-3.26140800507984,0.0011086039845602,0.0200971373744659,63027,1.6968657988487144
24.8649725091729,-2.25327045847298,0.723834735253701,-3.11296259868382,0.0018521948857907,0.0285425856188414,105374890,1.5445066875236848
102.016258310023,2.32510019221684,0.442321623298713,5.25658269852801,1.46756799606255e-07,2.60605479312834e-05,221749,4.584016457348254
252.803401830684,2.42805234895415,0.615311576897959,3.94605341442618,7.94498970680087e-05,0.002979731620527,654,2.525822850344219
1356.93261017502,2.31250665059404,0.603916968170353,3.82917979205004,0.0001285710534302,0.0042394655286499,100526836,2.372688891659408
1352.73384980904,2.3423398907325,0.608481355368942,3.84948506649355,0.0001183663994552,0.0040443987342648,81567,2.393146034200124
18.4202056788738,2.86316982201804,0.827091077644807,3.46173462561233,0.000536706078267,0.0118560124444491,105374947,1.9260613535151572
10.6974946315108,-2.7323547515026,0.780903550837316,-3.4989657155136,0.0004670666334566,0.0107005897786931,102724591,1.9705922848780495
1575.67713778354,-1.20399900827981,0.416591068716822,-2.89012198938483,0.0038509235779939,0.0473123280257109,51439,1.3250256817581352
98.3873609201943,1.06542170230398,0.321270690891952,3.31627419652265,0.0009122627485365,0.0174232067453869,3400,1.75887190996798
35.286066548066,-2.45033198697537,0.745342454143346,-3.28752504751878,0.0010107219754609,0.0187964130227278,6568,1.725925020580303
5.68003829627254,-6.25270107153307,1.63306324808744,-3.8288174563085,0.0001287604645736,0.0042394655286499,8358,2.372688891659408
2651.39392491115,-2.0688787901096,0.63976942938788,-3.23378813534286,0.0012216004082537,0.0216133325655511,3006,1.6652782639708652
61.5679876093894,-2.08052464442589,0.611887733039253,-3.40017380981296,0.0006734303143301,0.0138196995487905,8339,1.8595013987650602
48.5262046533217,-1.902853994786,0.572090347362713,-3.32614245906786,0.0008805691078641,0.016929247648682,3012,1.7713623419079645
10.1581770525931,-5.42729521375887,1.72407154880929,-3.14795242547049,0.0016441845043731,0.0262573978229297,3007,1.5807483158375222
137.484230666069,-3.12354378860583,0.720418210862971,-4.33573685604673,1.45272650665444e-05,0.0008385640575422,105374986,3.076463756224858
60.513566128595,-1.89942255661331,0.643965257463586,-2.94957303146236,0.0031821335531743,0.0416194872635106,8365,1.3807032744367338
229.017766756141,1.44644871241746,0.476885653799026,3.03311433442081,0.002420438757069,0.0343768844775478,10385,1.4637334852848
668.903346848915,1.22393744111368,0.277005719524805,4.41845548609362,9.94087485947725e-06,0.0006320867045264,10384,3.199223344637505
136.363343006144,-2.61542456213814,0.667068034963273,-3.92077633023165,8.82641591085407e-05,0.0032393336787672,8357,2.489544313680672
2457.96396542797,3.08899257264358,1.07287681529388,2.87916797959461,0.0039872589424693,0.0484686506153704,10537,1.3145390710231901
919.509615856497,2.72114693921077,0.862934789647396,3.15336335011207,0.0016140077397528,0.0259560077369589,135644,1.5857621050588973
1148.90829386032,1.83820259335084,0.546838426114542,3.36150955303534,0.0007751767511199,0.0153881148529241,8870,1.81281458089102
113.405754333554,1.97057491290894,0.617490851316107,3.19126171458071,0.0014165290272557,0.0237795063754991,7124,1.623797164882253
145.243873381009,2.08063529741342,0.543714168767987,3.82670788610857,0.0001298684762807,0.0042598921624458,7940,2.3706013947581988
249.007310110066,2.02979871515712,0.561309196827457,3.61618645593129,0.0002989750610123,0.0078126042455747,199,2.107204174706965
1952.3742646462,-2.21028345607432,0.595185849123713,-3.71360216196084,0.0002043299241323,0.0059387874573771,23564,2.2263022173631604
977.958898301262,3.73623889832166,0.725679229252157,5.1486093961543,2.62424717583939e-07,4.05630622566423e-05,717,4.3918692659291505
8.21475578642833,4.87975783239248,1.18792796246987,4.10778934965615,3.99464175517648e-05,0.0018102910497965,102060414,2.742251595761236
2703.03066021679,3.52699992397385,0.559259900841295,6.30654892057912,2.85325822787103e-10,1.96541937596516e-07,629,6.706544766797645
10356.5859153423,2.35375434283125,0.74338847751457,3.1662507746969,0.0015441760607456,0.0252455682716047,3122,1.5978148489952546
213.858056569671,2.11889876649268,0.573066826513866,3.69747238621813,0.0002177568982034,0.0062433148037697,107986589,2.2045847662871663
519.390279190171,2.32859284751674,0.450870472544616,5.16466033886554,2.40875922500651e-07,3.85868289804338e-05,3117,4.413560909764561
912.174895553412,3.32165749572603,0.563141115809787,5.89844605991795,3.6694088068571305e-09,1.45823717295582e-06,3119,5.836171835051561
165.334444935583,3.95275087281576,0.586833843558335,6.73572411715009,1.63115525836067e-11,2.25565077590118e-08,106480429,7.646728137773391
4005.40101137207,1.48596423683715,0.467902704216833,3.17579749688417,0.0014942521955935,0.0245816591834511,6890,1.6093888069703741
1081.30179689752,1.66400547889539,0.487517238935215,3.41322387394903,0.0006419917994223,0.0134143180334301,5698,1.8724314014002854
1389.5859222333,2.1653683191169,0.692861527902628,3.12525408312354,0.0017765153982724,0.0277278630704689,3108,1.5570835993173553
27.9567666252443,4.13954379331101,1.29763009949788,3.19007997341678,0.0014223342800199,0.023857579461536,3116,1.6223736210103512
13.4412317005608,4.07352153396742,1.26748876364571,3.21385218615323,0.0013096707512071,0.0225912738511658,105375021,1.6460592798837794
219.712324228231,2.64389629039875,0.768470265515435,3.44046661145102,0.0005807120813211,0.0125166277985087,51513,1.9025126620015314
213.362968747768,2.31892037671372,0.559822138872136,4.14224485902899,3.43922873034791e-05,0.0016148218954058,222643,2.7918753706133144
40.3390172993759,3.43005175576316,0.825504497949726,4.1550975970237,3.25148721919043e-05,0.0015553699857539,4188,2.808166285956456
1834.81028342104,-1.12613457030771,0.349739279585454,-3.21992591636409,0.001282237285066,0.0222894732879019,89953,1.651900194007894
280.053473901784,-1.2997048055815,0.38781915069869,-3.35131672389042,0.0008042825734476,0.0158592551338708,112267958,1.7997172141713975
137.040703347464,1.64117841735066,0.481071363802831,3.41150719173405,0.0006460479705301,0.0134446941701963,860,1.8714490723329655
399.45962604928,3.83800955579421,0.853892425736394,4.49472256705442,6.9660709045124e-06,0.0005015813771489,7941,3.299658596482785
9.69223334118917,-3.24295922110719,1.10094648847406,-2.9456102136281,0.0032231829489634,0.0420499214901066,105375082,1.3762348107208922
16.3530591328036,5.88663617258435,1.16368012297574,5.05863772729155,4.22262212161932e-07,5.45378038395396e-05,3605,4.263302354468697
6.65707503806657,4.5583131936656,1.19973401584968,3.7994364862926,0.0001450254725603,0.0046177987526329,112744,2.3355649979076896
644.795764435391,1.17240601943054,0.350449081525527,3.34543898453658,0.0008215243226665,0.0160842739500189,9697,1.793598538530559
16.1055217784522,-2.11029091068986,0.716943366513602,-2.94345552139205,0.0032457045840284,0.0423047651532668,401265,1.3736107115088092
8.80014550878871,-2.84445147708578,0.81632329334787,-3.48446687760218,0.0004931184919581,0.0111491177640209,202559,1.9527594972235789
94.4076563916721,-1.50337510208496,0.33519038676508,-4.48513788415598,7.2866798426307e-06,0.0005121742821359,51557,3.2905822325971448
191.785264426786,1.48900707309444,0.469186001031933,3.17359654767938,0.0015056281730476,0.0247327553227587,79627,1.6067274988908902
62.8182191931683,2.41425898803235,0.641815158207168,3.76161104511194,0.0001688224391911,0.0052221839239603,115004,2.282147836504954
951.929297018772,4.00867683373203,1.06972241156151,3.74739912935024,0.0001786776532791,0.0054379583284436,1303,2.2645641247728547
304.829977833926,1.2112941356294,0.311247173754905,3.89174340449835,9.95264732950562e-05,0.003527812299558,7162,2.45249452995597
58.0286022925968,1.97016823343608,0.574280396212235,3.43067297165402,0.0006020859776249,0.0129067497174475,58528,1.8891831115290871
352.527639458466,1.16369192713117,0.402814867991192,2.88890013651784,0.003865918262051,0.0473838676662425,10973,1.3243694932638903
16.251309621479,4.19355987877123,1.18009441631586,3.5535799685106,0.0003800256391511,0.0093260810832624,64208,2.030300813001154
669.82535423875,1.70551202072827,0.52979084580177,3.21921761057838,0.0012854089719114,0.0223218289113865,639,1.6512702248965228
29.7492205264167,-2.81243090869101,0.897095690366983,-3.13504003964227,0.0017183065679062,0.0270440253052423,107986629,1.567928666364009
210.974305130515,-1.54295564985709,0.413011202441089,-3.73586876272969,0.0001870682175707,0.0056025575595644,221262,2.2516136729146705
22.9856406186583,-1.8672574969245,0.648901431480677,-2.87756723338358,0.0040075450149828,0.0486866065459258,101927538,1.3125904947031972
47.5772083408463,-1.9008324499745,0.561020008626624,-3.38817229465262,0.0007036005122829,0.0142828139354888,105377940,1.8451862213929466
313.865573670765,1.24521628119527,0.330130901010153,3.77188647710678,0.0001620179699753,0.0050575549086725,2534,2.2960593934995153
28.0778506671372,-3.15720359279062,0.981494151231888,-3.2167319477431,0.0012965967825926,0.022478332644528,101927686,1.6482359061873415
153.821503616306,-1.57211890556622,0.480783236121317,-3.26991206733657,0.0010758092072621,0.0197088628263043,285758,1.7053384331791304
175.460845669707,1.75548984560874,0.388570104439243,4.51782014507302,6.24795188594363e-06,0.0004611211632965,29940,3.336184945245413
129.790792380696,4.70269599983123,0.818805005266422,5.74336498871434,9.28133704227058e-09,3.09352951578261e-06,441168,5.509545735961948
265.738326029661,2.17899183160975,0.661588622267064,3.29357512851869,0.0009892190147218,0.018453350339995,2697,1.7339247730237113
1142.15073497773,2.72776992076912,0.407343367534039,6.69648787282925,2.1348815723104002e-11,2.75733298073715e-08,135112,7.55951078450555
58.4474538845699,1.72487915848089,0.588507340418594,2.93093907249146,0.0033793905380559,0.0433220257251405,387357,1.3632912440900837
1482.3543889612,1.31653396936866,0.280660446107022,4.69084257375774,2.72082261081645e-06,0.0002487867223562,2037,3.604172801478436
6.84273694477446,-4.19978763148813,1.12368754623771,-3.73750483001232,0.0001858555207844,0.005574316889711,383,2.2538083460746408
26.8148390405103,3.96121185525682,1.25875821468117,3.14692036092107,0.00164999896258,0.0262992233678147,55350,1.5800570763031183
66.0260626355779,-2.91933143383017,0.812729476304849,-3.59200880359746,0.0003281387617743,0.0083612669692551,154091,2.0777279096344516
806.354391163089,-1.2344336588367,0.421355187378358,-2.92967476327337,0.003393169473591,0.043427354099787,10370,1.3622366301097277
403.107904696953,1.42952567243044,0.34421674343942,4.15298122382599,3.28171675043344e-05,0.0015662050034112,3097,2.8051513929656675
95.0578721642596,2.31726011715751,0.739419918221468,3.13388922864187,0.001725059636807,0.0270678491986463,8676,1.5675462517385248
7177.43448515858,2.36299097723812,0.475288487897363,4.97169832093303,6.63689246368257e-07,7.97391760244187e-05,6648,4.098328256382391
9.79546773205666,3.28001287560525,1.05699914395105,3.10313673797747,0.0019148114690044,0.0290952786816003,79992,1.5361774786732998
295.856756301894,1.75529045573202,0.565988693342533,3.10128183898141,0.0019268479746969,0.0292351787056628,9444,1.5340942471098842
18.5630014682979,2.24075721725611,0.757033844357467,2.95991683061139,0.0030772210384618,0.0405553397702899,10846,1.3919519557537958
243.490246974226,2.16332182929932,0.532356548195982,4.06367093000031,4.83069172866238e-05,0.0020753897000583,6196,2.682900342954671
27.7382722691378,-1.80394368146979,0.492393001370329,-3.66362575513749,0.0002486700413542,0.0068792053608917,653483,2.1624617256178755
4.03041071324478,-4.05202427301868,1.39789286454308,-2.8986658246826,0.0037475408067535,0.0464564671695037,107986548,1.3329538196568953
251.781287033781,1.65491077840223,0.487133598186004,3.39724212118567,0.0006806871100307,0.0139547610404608,28514,1.8552775959147134
471.63437994624,2.86832836365332,0.676331230420995,4.24101125992345,2.22514972344274e-05,0.0011730285468098,56975,2.9306914187701354
38.8014093847236,-3.20000276644993,0.870696836178931,-3.67522039070821,0.0002376441811453,0.0066815197324736,54905,2.175124744656081
77.5566238747097,1.89851366196529,0.641341894076683,2.96022087360832,0.0030741855450012,0.0405411897175817,221935,1.392103510694827
79.9134222069577,-2.70834619811399,0.836197551193614,-3.2388831972158,0.0011999870467458,0.0213589425676163,222962,1.6704202520375322
23.2654014310175,-2.73834144477217,0.68187016135771,-4.01592795807299,5.92123430182756e-05,0.0023898888056106,100129484,2.62162230500715
208.463883037343,2.54102740680596,0.683906365282017,3.71546096921928,0.000202833574721,0.0059286503841723,6624,2.2270441594883303
25.2798871885331,2.32564375020175,0.793206885954383,2.9319510349479,0.0033683985057925,0.043288529304852,107986762,1.363627168763816
515.879353641192,-1.46279430250124,0.50451446606405,-2.89941002864233,0.0037386562594933,0.0464139646632515,221955,1.3333513327265951
601.918253056526,1.48574379414628,0.364340718082437,4.07789665115088,4.5444957699552e-05,0.0019781725563801,196,2.703735827493606
79.6102794238588,-1.64216272408801,0.522758869470109,-3.14133880837368,0.0016817735556328,0.0266109115828122,102724143,1.5749402480114008
81.5835073035844,7.28752637202271,1.32355639941096,5.50601876524941,3.67039423085163e-08,9.24955673577111e-06,3569,5.033879079349756
829.60160148803,2.4453110543405,0.757374764255574,3.22866719324086,0.0012436853621874,0.0219205408329559,10457,1.6591487349563356
224.66955302579,2.14785582593915,0.720775826705349,2.97992211497568,0.0028832168111997,0.0389021937658245,29887,1.410025907323951
4.85735806796435,-3.98094024031593,1.37191212259123,-2.90174580045027,0.003710895267555,0.0462798133397856,101410536,1.3346084013552186
18.7146168965526,-3.19193936895514,1.01069425792997,-3.15816513640104,0.0015876559407523,0.0256921769895436,2128,1.5901990948582567
8.89867805013442,4.6181058966386,1.42342395127036,3.24436433187532,0.0011771307728781,0.0210974912589124,387129,1.6757691843794373
208.206787889982,-1.38878773770739,0.445361107260045,-3.11834085884038,0.0018187233130371,0.0282060137705873,80820,1.549658286399152
46.3860833769687,1.74315600500269,0.43030771706379,4.05095222762245,5.10096220985517e-05,0.0021381619486137,100506776,2.669959403558663
504.195781600307,6.6895704318719,1.20170340312918,5.56674002457892,2.5954918083682e-08,6.87638951537549e-06,3624,5.162639530532554
116.145394294735,1.99937734638546,0.456060053460847,4.38402208483954,1.16507954154065e-05,0.0007102173665468,644,3.148608712345257
666.624800468291,1.84704991375206,0.642346912011591,2.87547099427596,0.0040342521027632,0.0488674206937882,165,1.3109805831739332
229.930447981369,2.15899914574444,0.586933099055779,3.67844163026025,0.0002346633790057,0.0066067012631525,10268,2.1800153303488794
250.714817986604,1.59207710997198,0.441037292553223,3.60984691511059,0.0003063777674375,0.0079739251437,3984,2.0983278456526335
35.6977100900068,-2.33681109326399,0.81233950206522,-2.87664343211563,0.0040192948397707,0.0487433848966323,107986742,1.3120843153054629
205.049828627251,-2.05601843296316,0.712858723398164,-2.88418779973992,0.0039242465148526,0.047871637679711,729438,1.3199217151314657
165.749262124366,2.05362849421818,0.650948621365098,3.15482424697596,0.0016059481600063,0.0258666552817865,3092,1.5872597246106386
194.586839781895,-2.26287155192637,0.487927096059166,-4.63772471380024,3.52265532934006e-06,0.0003058641696672,105375368,3.514471395284765
81.3168122992973,3.71027270742281,0.866504269811468,4.28188623724853,1.85315723088085e-05,0.0010135813799044,3082,2.9941413763004725
1457.74772991913,2.39382687732264,0.469533722412286,5.09830660303603,3.42705418657572e-07,4.93087085249557e-05,219285,4.307076372196714
152.004947579022,1.99830377082081,0.69679100811185,2.86786675998557,0.0041324952550217,0.0498238123949962,2791,1.3025630443875702
2945.82630472509,2.64804231902088,0.654356449801827,4.04678874919449,5.19250623447873e-05,0.002167740229,1278,2.663992762664695
16.3375921535933,2.97173283472759,0.871538280791672,3.40975594557726,0.0006502103589985,0.0135177032884347,168620,1.8690970904868256
255.172116489039,-4.06862365627977,1.05245087604802,-3.86585611630404,0.0001107001902166,0.003847309430516,1576,2.4148428829519872
1504.48897938046,-1.39058553380419,0.430965220566455,-3.22667692761013,0.001252367780771,0.0219695926906908,389541,1.6581779946873716
1317.61864321222,-1.5390870857425,0.500392014617084,-3.07576268362367,0.0020996488789703,0.0310588719283618,55262,1.507814322084103
86.8778171080947,3.49411182110834,0.678892223058038,5.14678427949768,2.64989760689412e-07,4.05630622566423e-05,29992,4.3918692659291505
43021.1888164713,-2.29133563196725,0.709227565893735,-3.23074812959337,0.0012346668641929,0.0217885488885974,10071,1.661771692684456
1652.41718942925,-2.80633265651211,0.646622668439646,-4.3399849610655,1.42492467559221e-05,0.000827136753402,140453,3.082422681090841
434.749528686938,4.56804337221335,1.55452136569988,2.93855296749602,0.0032974830773742,0.0427225628802127,5054,1.3693427023430695
3612.88759398481,2.26217288041466,0.413185484665278,5.47495728763861,4.37617151816765e-08,1.01610769014533e-05,10135,4.993060261779056
329.685359779378,1.99754404164945,0.655173153235237,3.04887956990545,0.0022969654081425,0.0330548677989322,5577,1.4807645754356762
3319.14925076403,-1.81195934650697,0.611232184786286,-2.96443706926283,0.0030323725809725,0.0401460209322635,79872,1.396357493294337
28.7618728043324,-2.67798312947404,0.888569714763042,-3.01381319324864,0.0025798660459363,0.0358927084247677,105375444,1.4449937690406602
105.394493058718,4.80123476308512,1.11171390333367,4.31876829882921,1.56902398451703e-05,0.0008932198523428,4897,3.0490416330400105
475.016756674459,1.50496921622873,0.400197101673017,3.76057000397361,0.0001695266235103,0.005228757723644,4189,2.2816014808940306
169.531486894203,2.02316101378793,0.32021658788282,6.31810184214533,2.6479549910687e-10,1.88689620311844e-07,9732,6.724251989423168
7.1541862199324,2.98447947164516,0.944203621952806,3.16084306632149,0.0015731323016425,0.0255572162055376,54329,1.5924864530337945
9.46839534277274,3.14703162811064,0.731227949877341,4.30376277142925,1.6792146815359e-05,0.000937864091728,107986838,3.0278600917798295
188.754615230857,2.6919578492319,0.456082833452438,5.90234416159544,3.58372581477418e-09,1.45823717295582e-06,858,5.836171835051561
651.686939976224,2.26803473121016,0.622796350281653,3.6416956043247,0.0002708482151817,0.0073068908181875,857,2.136267381968174
841.996539924769,1.93189951546078,0.55005357334213,3.51220246370283,0.0004444093050206,0.0103857537039535,4233,1.9835619808245584
20.0492747724575,3.38983440234708,1.03328864891815,3.28062676958294,0.0010357670666347,0.019135647362402,2861,1.7181568409302936
1063.54835859907,1.99799207814099,0.521126583170658,3.83398610369238,0.000126083267498,0.0042186335507602,813,2.3748281977265915
94.2281470044773,3.45833424114345,0.802908613028136,4.30725761939517,1.65291060600713e-05,0.0009297761018426,57464,3.0316216207376483
667.379888154235,2.85806822361948,0.716102961894311,3.99114146387416,6.57560407968204e-05,0.002598180847163,231,2.5853306230122355
181.840705247696,1.86209120950052,0.543820029198273,3.42409457085592,0.0006168515048564,0.0130740885619062,6916,1.8835885775147465
17.3720609119403,5.28330089859792,1.25524140904883,4.20899188037573,2.56512605389481e-05,0.0013024159681507,23601,2.885250287794844
850.550339767858,1.26060968488481,0.321552963588805,3.92037961900687,8.84095908456194e-05,0.0032393336787672,7791,2.489544313680672
124.343953513462,1.8015678546514,0.601193418008305,2.99665265900585,0.0027296152955746,0.0373807157608018,285966,1.4273523870665903
22.9023558664326,2.28798227391068,0.696055396287287,3.2870692277003,0.0010123594335492,0.0187964130227278,653691,1.725925020580303
48.5164608940626,1.71903120397293,0.459340617223572,3.74238884939766,0.0001822791655968,0.0055070160190917,285972,2.2590836602187334
202.352831460155,1.45557642919187,0.339781358800003,4.28386193501755,1.83676916547275e-05,0.0010135813799044,155038,2.9941413763004725
245.805773520453,1.58285937830269,0.368821115520305,4.29167233570591,1.77332494743295e-05,0.0009824600546568,168537,3.0076850983518204
349.578375912338,1.79033151383503,0.403767542418645,4.43406496498108,9.2472741112123e-06,0.0006014381208031,55303,3.2208090485837726
312.501613941471,1.54257088643178,0.365020117860061,4.22598868104896,2.3789394964737e-05,0.0012290196173657,474344,2.910441184936428
171.878699798221,1.37136031663181,0.331902019481226,4.1318227553279,3.59897896958397e-05,0.0016675538207724,26157,2.77792014020766
238.747910293656,1.51902058656831,0.446281420068452,3.40372804750715,0.00066472899171,0.0137030657420383,100527949,1.8631822586902878
130.02217060253,1.19243954266626,0.359712075858916,3.31498335111204,0.00091648582929,0.0174554651265237,170575,1.7580685742808373
205.971818014547,1.59153906771045,0.452768958622339,3.51512407686495,0.0004395485727982,0.010339466716469,55340,1.9855018604749026
244.11060392611,1.53477297714617,0.458677771708153,3.3460810002424,0.0008196244884529,0.0160842739500189,6469,1.793598538530559
71.0868784519853,-1.51217052919013,0.379609270813627,-3.98349209425011,6.79099317314524e-05,0.0026578764000577,3110,2.5754652190370053
62.7038251518259,3.22828946286612,0.897630278718078,3.59645785063813,0.0003225798238105,0.00829118415304,285,2.0813834387615526
186.440279124427,5.45681990792603,1.87075811763956,2.91690296916161,0.0035352573148523,0.044709970876024,1670,1.3495956130303397
487.185159592166,-1.50336646785982,0.476191979323676,-3.15705961699526,0.0015936875973405,0.0257696042246032,157285,1.5888922513905313
1058.6971853009,-1.65362476039346,0.509609331099597,-3.24488713113904,0.0011749718525244,0.0210770775455008,79660,1.676189606640221
181.053753873826,-1.36321531453158,0.362985094281822,-3.75556830295952,0.0001729485845212,0.0053184263379931,100506990,2.2742168515068317
114.744092010245,1.73451946456961,0.516520536465323,3.3580842234064,0.0007848469521665,0.015550203515361,10395,1.8082639227130355
32.2186231995202,-2.45786781752624,0.773709750135197,-3.17673108952906,0.001489450727375,0.0245816591834511,9796,1.6093888069703741
119.631938885886,-2.53430943634962,0.794970036072834,-3.18793076638354,0.0014329484194304,0.0238998217009923,55124,1.621605338991779
64.3591972376967,1.78373703911273,0.565228883632546,3.15577828869824,0.0016007048480776,0.0258103547358679,1960,1.5882060264994762
9.93994324512254,3.80006212566138,1.19604407426384,3.17719238565712,0.0014870835317264,0.0245648130960247,254896,1.60968653589203
59.0074019829544,4.84497218662607,1.03628015942286,4.67534975225656,2.9345305865187e-06,0.0002648125527092,8794,3.5770614322114613
146.06300856222,1.2307708204597,0.419133698274855,2.93646353305764,0.0033197784996788,0.0429306775318294,8797,1.3672322574322104
530.178491688578,3.9231092771631,0.75576423424757,5.19091682218715,2.09261099270745e-07,3.57386827804128e-05,4017,4.446861458314434
27.1477485541604,3.78482746830429,0.986305956876116,3.83737666990454,0.0001243556529626,0.0041785521438585,100507156,2.3789741739326784
173.255848802071,5.1646105262233,0.949803620069811,5.43755616118172,5.40163269540497e-08,1.18189617582708e-05,6781,4.927420672562899
123.552403300004,3.28726423854768,0.740608588324831,4.43859859360136,9.05465051332379e-06,0.0005921340280311,1846,3.227579980698947
432.952617678632,3.35594843906298,0.757301656498396,4.43145529957003,9.35992181919515e-06,0.000606341016908,3084,3.217283052226378
76.0869186314755,1.60293580072779,0.457106902068172,3.50669787193179,0.0004537039700656,0.0105033321328744,79845,1.978672901182545
14.1317772402287,3.83055256606399,1.12018926344832,3.41955836487155,0.0006272287547129,0.0132094840407641,203100,1.87911414549109
5837.26064696467,6.12008745657231,1.61774839427279,3.78308980447075,0.0001548934965778,0.0048868306973761,3620,2.3109727066990597
15.5638672608337,3.10110723897071,0.88266076166088,3.51336252121986,0.0004424733248816,0.0103770042869902,169355,1.983928003848437
814.130841208494,2.94850512075674,0.435332424038907,6.77299681333459,1.2614173139166599e-11,2.00516836862214e-08,56892,7.697849154967228
38.5488937065094,2.88533124823049,0.852636786560127,3.3840098078234,0.0007143545132602,0.0143994011942655,286,1.8416555678654078
10.0722614473389,-4.68096619455514,1.08239051602766,-4.32465558894045,1.52770349930574e-05,0.0008745150363754,105375828,3.0582327188797316
720.912870356428,1.3604801737748,0.398682557002262,3.41243967131243,0.0006438417631237,0.0134258224368845,4067,1.8720591008715801
90.261856175067,3.2588883130504,0.737864363323537,4.41664955652758,1.0024255156631e-05,0.0006354332294839,9242,3.1969300778246588
70.9926852670179,2.56929383077267,0.727497410451566,3.53168793986206,0.0004129163237433,0.0099800185148018,100132891,2.0008686530143525
403.943496272522,2.96355081104064,0.780374573491289,3.79760042383508,0.0001461035916031,0.004644970339198,8989,2.333017054881053
52.6304911183022,-1.71967544958182,0.530137684386893,-3.24382797191758,0.0011793495014994,0.0211189405966091,157869,1.6753278713932707
66.6853169763567,2.45010975905523,0.598476292916016,4.0939128049957,4.24153874709143e-05,0.0018849763055622,23643,2.7246941045713258
93.2618973952654,1.95970951332072,0.477847101949276,4.10112252502212,4.11150774215636e-05,0.0018502850074995,105375914,2.7327613701640816
34.0226143201492,2.9603824968714,0.772172696513382,3.83383472406952,0.0001261609259312,0.0042186335507602,112935892,2.3748281977265915
33.2455511693978,3.25810649192705,0.762725233059635,4.27166474990911,1.94019108560845e-05,0.0010495824289031,105375913,2.978983448446978
13.915687468592,-1.80671194531421,0.580545027729121,-3.11209614933989,0.0018576398599684,0.0286051622252213,105375919,1.5435555849261524
2659.70496510715,-1.44981100135524,0.499406020714739,-2.90307073046557,0.0036952317037401,0.0461401590077283,55824,1.3359209131512932
5.89363326150196,-3.16778401237506,1.06023807010586,-2.98780443910939,0.0028098928711151,0.0381764866414165,646486,1.4182040419573942
144.664702731338,2.12689197043814,0.590018886780715,3.60478625022153,0.0003124099455423,0.0081104918651158,8767,2.0909528069691
286.388028506428,1.32620578458119,0.437062622107318,3.03436102173832,0.0024104578677611,0.0342822517806494,734,1.4649306598003964
120.28989805485,2.81645521183574,0.700076863908217,4.02306569040538,5.74454655166085e-05,0.0023368317813006,2669,2.6313725495172093
124.099921734059,1.39974663487815,0.314395879774424,4.45217868593715,8.500338234851e-06,0.0005740506196836,6788,3.2410498099017326
71.2423768290614,4.59925353172849,1.14225447390755,4.02647014022617,5.66204258170255e-05,0.0023169526722947,115908,2.635082837324042
9.13065165343292,6.28854145959779,1.60702133618261,3.91316612792202,9.10938188967872e-05,0.0033200242813088,81501,2.4788587400309448
6.16213156219052,4.07958476603905,1.38974535278965,2.93549084934882,0.0033302043348356,0.0429928453074861,102723356,1.3666038119090531
57.5024995113379,2.15708843994582,0.506546750175507,4.2584192657409,2.05877546692997e-05,0.0010965101810337,7227,2.959987331568557
308.303611718604,3.61651542008758,0.89117934693173,4.05812301703242,4.94687091154113e-05,0.00210777499767,4982,2.6761757513749305
362.715892067942,1.58866634120023,0.541008405327763,2.93649105181232,0.0033194839692732,0.0429306775318294,5168,1.3672322574322104
55.9942076713458,5.22825228226999,1.29223456333178,4.0459003578963,5.21224016494591e-05,0.0021715915929154,84985,2.6632218483377423
305.753139166798,1.64617225220146,0.566178823250406,2.90751293513747,0.0036431527697881,0.0456000920579477,50807,1.3410342805763908
10.7689051063062,3.56564856454671,1.08489798464124,3.28662106025187,0.0010139717955104,0.0188094498691421,3786,1.7256239063257388
295.383393257799,1.53768172046318,0.526864924491204,2.91855018048151,0.0035166326952143,0.0445289305432625,6503,1.3513577352468855
128.958398800759,4.02249449480794,0.90507278994138,4.44438783213057,8.81424788282101e-06,0.000585679847262,8840,3.232339719413196
578.743556290032,2.90487420937009,0.594410218046734,4.88698565599304,1.02391550640358e-06,0.0001162594172518,6482,3.9345718582673124
328.713921918312,2.08811716748378,0.525541689706551,3.97326645703355,7.08936662644794e-05,0.002738350679169,4061,2.5625109359406006
1446.26117907821,1.76388915486077,0.576686487054539,3.05866219246778,0.0022232769316359,0.0323757259823737,2907,1.4897804843283335
1618.94809088501,-2.64772830493481,0.639567978492935,-4.1398700278489,3.47502651051672e-05,0.0016173743882844,65265,2.791189438383079
86.9746446242263,2.61243972827482,0.753858371088457,3.46542510963015,0.00052939394517,0.0117633611579995,169792,1.9294685690926472
497.823022458632,1.49816253838114,0.497650319394687,3.01047237386166,0.0026084167532034,0.0361037724078695,3717,1.4424474171989106
400.932475468941,3.53761548912805,0.747158370714781,4.73475989534017,2.19314575248036e-06,0.0002127763238263,29126,3.6720766987625426
38.7366746295127,3.47929669268433,0.981061660193244,3.54646077189378,0.0003904428674048,0.0095259762159641,80380,2.02109050715032
10.1564628604617,5.71532206453278,1.57799843714477,3.62188068758426,0.0002924690147095,0.0077090206492011,401492,2.1130007910363746
1283.71337928692,-2.69539522953924,0.904225979861563,-2.98088673580458,0.0028741507420103,0.0388198203161065,100048912,1.4109464791461113
306.070147213049,3.04288417343823,0.954223970296225,3.18885740471769,0.0014283631727962,0.0238944194025818,27290,1.6217035176988825
239.230256975773,1.10681763257071,0.380076985265426,2.91208801237404,0.0035902146002051,0.0452388931178283,203259,1.3444880297125452
327.980736383653,-1.20095262258961,0.380567677530225,-3.15568739411462,0.0016012037150439,0.0258103547358679,138716,1.5882060264994762
279.292027909353,-3.77639541863289,1.02851304427503,-3.67170396102733,0.000240938680991,0.0067466095429269,6023,2.170914423720378
1138.28875788466,-1.49005199761147,0.519661226825673,-2.86735265340726,0.0041392149758258,0.0498757303063801,646962,1.302110732092987
254.953384009389,-2.28943404981874,0.591669328950036,-3.86944858859174,0.0001090817793878,0.0038206355441532,100133036,2.4178643883027595
98.1509052514968,-2.12693267990303,0.583647431798166,-3.64420806813138,0.0002682163784453,0.0072738733078384,110006327,2.1382342675081216
7.90144966550831,-4.32527710951182,1.49874794851387,-2.88592695909988,0.0039026271663432,0.0476923656963235,105379257,1.3215511346142075
238.090770994003,-2.33903867961988,0.595189028882751,-3.92990892995888,8.49780408256288e-05,0.0031358414529671,105379252,2.5036459032076728
144.423538308237,-1.90781486582136,0.474144028201066,-4.02370324700649,5.72900976013353e-05,0.0023351082187999,320,2.6316929875867103
1403.94483256302,3.45709646137612,0.762395733631476,4.53451706098764,5.7735435300808e-06,0.0004338555529058,301,3.3626548396529623
4506.47084528578,-2.49929027258024,0.813881941718199,-3.07082654678877,0.0021346712003583,0.0314547194128624,140803,1.5023141845209096
1310.26075557443,2.03365251684718,0.527972438149521,3.85181568184673,0.0001172452603389,0.0040247064865506,1514,2.3952657863319966
343.451833589083,1.76895001715976,0.397586621462363,4.44921916802277,8.61830370885981e-06,0.00057739423149,4814,3.238527559292458
55.6537419376073,-1.22230216831572,0.340860703109347,-3.58592867164158,0.0003358807638919,0.0085060980218458,445577,2.0702696169075057
108.20760592832,-1.46606243786641,0.335837795364706,-4.36538846461376,1.26897039557478e-05,0.0007578980700737,107987097,3.120389198828607
200.001983647462,-1.35835406235417,0.331009235478858,-4.10367420833166,4.06639992819113e-05,0.0018347631990408,100128782,2.73641997936074
72.1913048215448,1.04769730419525,0.352770671156203,2.96991045418097,0.002978865668978,0.0398177613515074,22927,1.3999231606827265
57.6905921011636,2.5388728979059,0.494093662937261,5.13844456699353,2.7702188546392e-07,4.1785819438773e-05,195827,4.378971076702554
88.0237562800962,-2.44501142172815,0.430625697538045,-5.67781123074325,1.36429148816882e-08,4.1460417063248e-06,1515,5.382366333516731
609.232871639514,3.31213256546006,0.824389378554968,4.01767981444124,5.87739830501393e-05,0.0023768382773603,1306,2.6240003671314778
58.9817340328642,3.87228400271715,0.712208300686914,5.43701049114759,5.41819491116891e-08,1.18189617582708e-05,8013,4.927420672562899
139.87235947325,2.82573031533167,0.629188493024574,4.49107119195408,7.08658569826738e-06,0.0005056776783366,116443,3.2961262166051437
476.084463111514,-1.61916015066069,0.523543193050752,-3.09269640433225,0.001983469353105,0.0298097412232116,107987113,1.5256417940384546
943.147751508563,-1.50806664478168,0.447776856315868,-3.36789770063031,0.0007574369536034,0.01516708783548,401548,1.8190977981448382
41.6832978815848,-1.671445185809,0.494477652471948,-3.38022391396913,0.0007242679882925,0.0145735131237257,107987118,1.8364357436084888
19.7190427728609,-2.4602236164556,0.670919998380626,-3.66694035413126,0.0002454700236823,0.0068089101199952,112268054,2.1669223986235004
16.1472117674372,3.35036154780256,0.767991591166186,4.36249769703218,1.28585940118688e-05,0.0007641969961546,100128385,3.1167946737348196
21.8272055189314,3.7422803208298,0.795017359970841,4.70716805601208,2.51181826734372e-06,0.0002327655806935,286333,3.6330812388848064
67.0020585995059,4.73713217004673,1.03465279481257,4.57847520810581,4.68377664551471e-06,0.0003737075072569,138065,3.427468177698937
1504.06470608593,-1.07682111263039,0.368269829390816,-2.92400035705244,0.00345564350375,0.0438993414362679,210,1.357541994854465
6.22737591831419,5.74926987584956,1.80993249676373,3.17651066331457,0.0014905830960147,0.0245816591834511,105376222,1.6093888069703741
1195.85562967344,4.41830524300824,0.857722551377039,5.15120563860053,2.58817207376898e-07,4.05186181094212e-05,3371,4.3923453747058065
84.1759492375554,3.46069535117551,1.11819144830356,3.09490414760892,0.0019687651049031,0.0296750772376535,5069,1.5276081419995529
301.368038940419,1.63351853736468,0.30163444275848,5.41555706445847,6.10981815946514e-08,1.28836114556477e-05,7099,4.889962381121255
2902.31703068282,2.75935132754896,0.592821997816317,4.65460346902297,3.24604799697606e-06,0.0002866648797329,2040,3.542625510654792
42.5346301175716,1.93219289283353,0.600399087911374,3.21818092621544,0.0012900641462551,0.0223838585914043,2681,1.6500650464712072
695.611281044217,2.08390908338824,0.703039602461723,2.96414181518558,0.003035283704188,0.0401562981735256,5742,1.3962463296506615
19.58051268462,4.65732503135023,1.46646066032559,3.17589496762648,0.0014937502375495,0.0245816591834511,26740,1.6093888069703741
7474.9643733618,1.52984291490896,0.345663707053852,4.42581296123929,9.60797479656254e-06,0.0006166111775495,3309,3.20998860691397
393.587578019615,3.91994977851011,0.887805623257046,4.41532434107502,1.00858652213233e-05,0.0006373835009132,23452,3.1955991827121357
608.831462857842,2.77709705691328,0.651215287319648,4.26448382123153,2.00364860944808e-05,0.0010750698475705,2022,2.9685633186051166
118.987660353255,2.54875429979178,0.665008115204163,3.83266646153528,0.0001267617682661,0.0042250515180954,102723566,2.3741679911194624
10063.5980876844,3.67185063675465,0.799934913821813,4.59018674308366,4.42849623280318e-06,0.0003606162193869,3934,3.4429547439701897
11.3177977327798,-3.0280390679467,0.944403440717446,-3.2062982168366,0.0013445456665103,0.023050754335144,105376289,1.6373148577697743
11.9909254534989,3.18580666331128,0.939341225642832,3.39153289171472,0.0006950282024941,0.0141742083440565,100506119,1.8485011879136388
88.1380512478277,2.22199341211725,0.532472176332155,4.17297562367122,3.00647118594517e-05,0.0014687642330391,100506190,2.833047911839241
24.9444731444794,4.21598503291582,1.02879103711549,4.09799938064831,4.1673639594025e-05,0.0018640384463431,51450,2.729545134437796
195.220127993035,3.22006993613577,0.732773686535317,4.39435803346164,1.11100579981176e-05,0.0006873932590751,9536,3.1627947310885833
360.402734884647,2.43843281157504,0.782279573646129,3.1170861335542,0.0018264819946873,0.0282516844462681,105376294,1.5489556531928457
72.902405358267,-2.46880987594612,0.767831075761909,-3.21530340966774,0.0013030671407415,0.0225526653797526,84929,1.646802123794308
5.61699429201626,-5.54688379275126,1.58290088143853,-3.50425213466955,0.000457891603898,0.0105606361546349,105376297,1.9763099198584435
177.157268735509,3.34865258248572,0.935168031241618,3.58080309700037,0.0003425397284509,0.0086114154360578,10319,2.064925458819635
78.6145457522267,-2.37671262247378,0.550706037742062,-4.31575552034709,1.59057942669792e-05,0.000903003402547,642515,3.044310613247289
316.622072442442,-4.34217564434248,1.22944289824954,-3.53182376385661,0.0004127043051179,0.0099800185148018,642968,2.0008686530143525
1029.93759136139,-1.56729421350844,0.524023333503395,-2.99088630849733,0.0027816903734948,0.0378929674148123,7410,1.4214413836029005
28.7266521587833,1.78584284650805,0.596259748052616,2.99507530458095,0.0027437709377288,0.037475232272417,401563,1.426255666703395
507.455182850236,-1.71410000529447,0.460170751316066,-3.72492167394869,0.0001953758754976,0.0057595470287587,375775,2.2396116712028626
43.2808911522955,-1.82498519100756,0.538897519280259,-3.38651622194323,0.0007078609142861,0.0143192154152258,651337,1.844080777431296
100.521633563235,-2.80513005613901,0.601799842281856,-4.66123428265243,3.1431867967074e-06,0.0002811859530474,100216001,3.5510063787673563
164.046744946874,3.65985912285384,0.991350140068129,3.69179261184381,0.0002226790106034,0.0063296585338669,3559,2.1986197182381546
1415.4564089491,3.11871295139585,0.61364768707555,5.08225324902411,3.72983668178582e-07,5.13847166860694e-05,5209,4.289166033648583
138.637059651786,1.49445161262188,0.401075195002532,3.72611328559586,0.0001944550353682,0.0057532220140099,57713,2.24008886644052
30.8351484150358,1.59163152647143,0.46614727954893,3.41443916182794,0.0006391346547728,0.0133952511570798,2625,1.8730491390836732
103.503292163613,2.72281740776531,0.832566032242178,3.27039213986728,0.0010739849032551,0.0197088628263043,83643,1.7053384331791304
493.474690002075,1.49659421791834,0.518838550194445,2.8845085188012,0.0039202515208893,0.0478511504307013,100507347,1.32010761651411
3509.61172686774,1.55162697010774,0.509042257530903,3.04812998754538,0.0023027029699436,0.0331143749992242,7431,1.4799834374146055
138.384490988051,1.35203895251318,0.454426658051749,2.97526328739106,0.0029273717912103,0.0393842044696362,4360,1.404677922517542
691.904836497871,1.18099408184086,0.394059998590225,2.99699052445297,0.0027265918817762,0.0373640724382667,221079,1.427545794618639
90.8900572576799,2.5110465664404,0.724829634325234,3.46432657762125,0.0005315607570879,0.0117902043491254,57608,1.9284786675996992
255.637822626171,1.92262855916014,0.484291157835895,3.96998484909698,7.1877202221283e-05,0.002770811389012,8829,2.5573930359280452
15.2098571527697,4.64887643111433,1.27271202785727,3.65273237728503,0.000259464610773,0.007101769776987,84856,2.148633410632653
251.758153821951,1.67916768781095,0.470819133324755,3.56648141283739,0.0003618064589761,0.0089541682332242,55454,2.047974750239085
27.489115692021,-3.98083706741196,0.812791918341335,-4.89773209794661,9.69490888168032e-07,0.0001123124297674,643650,3.9495721771252716
30.6838760476454,-3.94701914681573,0.759935895401084,-5.19388434037919,2.05951117074284e-07,3.54664986195007e-05,728643,4.45018168452745
14.1677212257518,-3.21119826955955,0.964632249540905,-3.32893521970455,0.0008717867895469,0.0167898173401568,107987152,1.7749540286143919
836.738005717365,-2.33118310504358,0.618118416062811,-3.77141829860428,0.0001623223061166,0.0050594124523396,5540,2.2958999146863897
1230.28142893506,-1.69399083691482,0.577897618481479,-2.93129921761239,0.0033754748697021,0.0432986891262532,9721,1.363525251772559
718.825405698614,-2.39408118899236,0.768479239781109,-3.11534920536602,0.0018372726108602,0.0283973362030126,100996758,1.546722396804749
89.6899014999205,1.99698860650273,0.670646366903246,2.97770733587055,0.0029041314560275,0.0391224749275159,80114,1.407573679105178
868.787625081137,-2.17397279938721,0.638793557526445,-3.40324784709059,0.0006658984576658,0.0137050325820876,220963,1.863119927639694
57.4574008275081,2.7120913187043,0.70462261172454,3.8489984192624,0.0001186017727057,0.0040443987342648,1959,2.393146034200124
1013.41797985036,2.66795823604416,0.565717383261266,4.71606196836984,2.40453227425984e-06,0.0002238852437082,5552,3.649974529856844
1456.87213707926,1.12628485639681,0.306584309080858,3.67365459691468,0.0002391058994536,0.0067043736936347,3098,2.1736417866569595
168.667839205509,1.89871400838308,0.499101407510166,3.80426498465525,0.0001422258684726,0.0045426546707677,5551,2.3426902766743374
72.008953004872,2.7121267553945,0.912166258218003,2.97328116553322,0.0029463441949479,0.0395879081850452,9469,1.4024374456510058
1069.57207959674,2.15167893721075,0.53083735661717,4.05336759063568,5.04855797070217e-05,0.0021275429756538,54541,2.6721216585520486
128.553808553488,1.71274875926981,0.536269858198359,3.19381880798582,0.0014040421160069,0.023630790113738,170384,1.626521757153081
1245.5127235274,4.9103696947103,0.729063132033733,6.73517762585628,1.63729792589004e-11,2.25565077590118e-08,5328,7.646728137773391
256.864828521281,5.30798723447978,0.771056332452531,6.88404596535306,5.81760892851521e-12,1.3357876500863e-08,414236,7.874262576086261
67.7802300448577,1.80414466923952,0.491631739059602,3.66970747798038,0.0002428281822584,0.006762863054407,84858,2.169869406795791
2136.64332401619,-2.45118246927706,0.402804504474647,-6.08529061132022,1.1628020042872e-09,5.72126271871311e-07,92211,6.242508109100666
34.598812202601,-2.18623685730451,0.586821171520419,-3.72555893244291,0.0001948829136127,0.0057532220140099,340745,2.24008886644052
89.6916259945659,2.44499870199342,0.800001828125995,3.05624139349885,0.0022413073072487,0.032523404954228,340654,1.487803993354029
425.143602776292,2.66768838403338,0.781943018192481,3.41161481331458,0.0006457929839581,0.0134446941701963,118932,1.8714490723329655
509.788975210752,1.30636669842397,0.428376316109732,3.04957732091176,0.0022916363523431,0.0330537411313946,3988,1.4807793785151082
540.984459910502,2.9493160047901,0.692703242946376,4.25769048264499,2.06549648544577e-05,0.0010972618218955,3437,2.9596897313703683
577.561482859605,-2.28990599897754,0.4554435354318,-5.02785926428071,4.95985662024105e-07,6.24972177178545e-05,53354,4.204139316362789
119.538167522829,-2.89808567934383,0.956609513620056,-3.02953884325981,0.0024492740590186,0.0346198689669091,5950,1.460674580223075
434.398812168794,-1.40543834678376,0.48291305364478,-2.91033414022718,0.0036104253760129,0.0454104932412097,10580,1.3428437808391291
4467.48258692931,-1.62401399048669,0.547284199498994,-2.96740522012763,0.0030032486028735,0.0400142697475055,5832,1.3977851044859455
35.9371206480139,2.00009595564936,0.630914091216604,3.17015578427252,0.0015235722943476,0.0249464071369295,80019,1.6029919940471835
2289.79958190276,-1.27150565673043,0.326338940808782,-3.89627316182126,9.76842113263136e-05,0.0034836360548153,57715,2.457967223251514
161.202317510376,-1.46382518950435,0.470905048668342,-3.10853577306902,0.0018801688303127,0.0287592071638887,282997,1.5412230907889577
7798.23287951359,-1.84785622698254,0.607394338374544,-3.0422677826198,0.0023480290890847,0.0336491131247817,27250,1.4730263778022397
343.493045919651,-1.9117541192383,0.590751926453635,-3.23613691912072,0.0012115925312973,0.021480716427255,100616113,1.667951238092832
873.908506148135,-1.67558560285874,0.46788380303629,-3.58120027234364,0.0003420193505266,0.0086088061859119,92482,2.0650570695472803
251.756662123114,1.8043459619337,0.545167405307315,3.30970990629305,0.0009339270986654,0.0177060582513036,2869,1.7518781113251338
156.120826526448,1.12861015726651,0.387883657434011,2.90966153287476,0.0036182035905223,0.0454515237661031,6001,1.3424515524394323
200.183921997442,1.98146305193416,0.486781320925959,4.07054043931885,4.69041978052208e-05,0.0020303799223353,5654,2.6924226898032027
14384.8857737211,4.7240103443181,0.763523938263329,6.18711491228825,6.12752988238862e-10,3.33224750051476e-07,1755,6.477262749127218
246.694292028258,1.99426425271568,0.630806220670723,3.161453053832,0.0015698412118946,0.0255439123179556,51363,1.5927125852254782
299.856462617192,-1.50453436762537,0.48004183206729,-3.13417345556349,0.0017233895002574,0.0270678491986463,105378539,1.5675462517385248
167.598504675408,2.9316786415625,0.652417769278891,4.49356038356044,7.00421485005746e-06,0.000502576735682,664,3.298797618805075
743.781415051331,2.28747711948278,0.472559279186496,4.84061412024463,1.29438498297565e-06,0.0001415262734031,10581,3.8491629287984184
3120.35620548736,2.78998270388336,0.47978912629984,5.81501862161792,6.062713663021331e-09,2.23440161701341e-06,8519,5.6508387630125
3021.27553268665,2.98342055778863,0.551482293834911,5.4098211150941,6.30877339796882e-08,1.31317505092291e-05,10410,4.881677377046443
286.808366774987,-1.19386305369647,0.329657402945747,-3.62152660012598,0.000292869685167,0.0077097478267222,283232,2.11295982678096
63.9474758693494,-2.49376690206802,0.588824947461117,-4.23515836552202,2.28390689357568e-05,0.0011888396966181,90019,2.9248767017881123
1127.93717806272,1.8604658363703,0.389920656310077,4.77139593982116,1.8295349463328e-06,0.0001889885400341,10346,3.723564529958231
6.49582184576566,-3.92868391848052,1.20677178831307,-3.25553178863451,0.0011318022572381,0.020426806677577,105376535,1.6897995213119537
253.077705798853,1.57582677981982,0.522927901500423,3.01346853992365,0.0025827981846926,0.0358934260165929,23258,1.444985086412117
603.614397207037,3.50800532457837,0.915934225728761,3.82997515109475,0.0001281561996496,0.0042394655286499,27122,2.372688891659408
975.106910612552,-1.81310463920285,0.549071728647685,-3.30212710763377,0.0009595457710226,0.0179936600346494,10418,1.7448804891736331
92.3725308436693,2.36875343348462,0.745373713560736,3.17794066303842,0.0014832510288162,0.0245407385992696,387755,1.6101123705104001
116.673665087928,6.46547232773908,0.983149116008389,6.57628860410216,4.82335926272767e-11,5.0366920100208e-08,100528017,7.297854605115681
37.3222613067422,4.74657339342963,1.30064376247758,3.64940311126235,0.0002628503546881,0.0071659664638913,6291,2.1447252286260947
268.797059471916,8.31996533411871,1.01193879164917,8.22180689462407,2.00459775646545e-16,1.38083375457862e-12,6289,11.859858605139832
636.936744945556,6.87185842548703,1.1434521358683,6.00974733434624,1.85812685246392e-09,8.53293142359263e-07,6288,6.068901744637487
20.0618723510905,-2.94449094875872,0.845426541885062,-3.48284659030617,0.0004961125704474,0.0111923212535997,159963,1.9510798327671832
21.341277304665,3.06485835672339,0.940393988363586,3.25912159653069,0.0011175775672598,0.0202053722024708,387758,1.6945331450238386
981.741163876501,1.67621361015967,0.46879432539233,3.57558425810053,0.0003494466032863,0.0087110276615115,5954,2.0599306071741212
2179.001463597,2.01359914573786,0.51625460794354,3.90039936642673,9.60341388924013e-05,0.0034453914587004,960,2.4627614272556
66.5856044208626,2.65032623516641,0.893081510214845,2.96761964597031,0.0030011545369396,0.0400121667779728,25891,1.3978079296448187
18.2879805112429,4.24385947165954,1.20816443159851,3.51265056366917,0.0004436605511186,0.0103830637473011,24147,1.9836744796069248
48.344631662126,2.50586725136472,0.73023053566146,3.4316111542704,0.0006000071881702,0.0128755436589181,143458,1.890234424183209
193.768612634399,2.8600882618304,0.673887277822633,4.24416420365065,2.19409650812978e-05,0.0011596164792967,387763,2.9356856215192053
591.876123375118,1.73304449644645,0.520215420991696,3.33139777583433,0.0008641103033808,0.0167042464166183,3732,1.7771731120334215
390.077252549822,1.90166368934257,0.640263977959735,2.97012444055093,0.0029767913784839,0.0398157888908546,6688,1.3999446749508924
251.826576665874,1.21850555647105,0.400518877603101,3.04231741525688,0.0023476419281643,0.0336491131247817,91252,1.4730263778022397
223.943609758166,1.83867959309636,0.598710684192905,3.07106527683734,0.0021329651385465,0.0314547194128624,29015,1.5023141845209096
6.75940425623903,3.91421389214858,1.10577980743341,3.53977696629652,0.0004004653146043,0.0097360185015282,219537,2.01161860947972
1011.38782151261,2.93821946360438,0.441712993729034,6.65187464556864,2.8938313081762497e-11,3.51770729314483e-08,9246,7.453740300825319
1054.56425169343,2.78153902921521,0.678305424951287,4.10071765151364,4.11870846092322e-05,0.0018502850074995,710,2.7327613701640816
39.1168597919801,4.36643233160003,1.26266189029297,3.45811682855725,0.0005439654419878,0.0119430250275299,6947,1.9228856575977098
204.345109389166,1.26846567304921,0.386651759620889,3.28064114926812,0.0010357142671835,0.019135647362402,64231,1.7181568409302936
55.265407885927,2.63422395492778,0.623217293340883,4.22681460074141,2.37022801868966e-05,0.001227588020206,51338,2.9109473584153656
124.043033992652,2.09741617515186,0.414011648965941,5.06608009796461,4.06091097610279e-07,5.34514174020153e-05,58475,4.2720407738656405
11.4286361749316,-6.02526834708693,1.42695695312679,-4.22245978330615,2.41650526553856e-05,0.0012360663691176,341116,2.9079582096940473
366.678026413241,3.93982682654073,0.870591316455451,4.52546074383265,6.02640675468813e-06,0.0004479701280058,54972,3.3487509450973523
265.117445387301,2.27761105527141,0.69981774123697,3.25457747219383,0.0011356118184051,0.0204776773362498,51296,1.6887193043980862
149.260684569263,2.91064579143974,0.717406547174794,4.05717762529782,4.96693066957602e-05,0.0021119675367651,3992,2.6753127616648054
127.373498011864,2.22090797238868,0.750503734825477,2.95922307822377,0.003084157534491,0.0406208511473922,9415,1.3912509808636842
178.397062984413,2.12863736830071,0.569014376453317,3.74092018828868,0.0001833477416823,0.0055312132581986,11145,2.257179596805937
1189.65274967302,2.24369075087878,0.735392760664826,3.05101011444604,0.0022807289157405,0.0329589252054401,116071,1.4820269591398882
230.495199399304,-1.25474960880259,0.414383374932934,-3.02799215582833,0.0024618447754766,0.0347500152221487,7108,1.459045000832321
202.055578941259,2.44531512619625,0.470385778871352,5.19853115471213,2.00869461975904e-07,3.48820792582525e-05,10435,4.457397635451868
63.63736535532,4.54907948435956,0.953596912574459,4.77044275665516,1.83821420502596e-06,0.0001889885400341,8061,3.723564529958231
105.34969747326,-1.29627581280255,0.419600753236582,-3.08930764018832,0.0020062357713058,0.0300426537782858,102724064,1.5222617071418707
57.23276677781,-1.80131027333947,0.485020366487124,-3.71388584439431,0.000204100889751,0.0059387874573771,105369360,2.2263022173631604
1178.85640782824,-1.38695505883229,0.451915220350774,-3.06906029355627,0.0021473324890641,0.0315451433953154,1119,1.5010674940734148
292.822785291091,3.45315895281413,0.649471761315531,5.31687312442903,1.05565622351302e-07,2.01991998693487e-05,26579,4.694665833484515
531.495962532868,-1.3662078672094,0.421765011926081,-3.23926316450557,0.0011983894565945,0.0213488949314875,105379407,1.6706246001508034
2043.12910516353,-1.0729241988766,0.294176143798301,-3.64721688517421,0.000265096151232,0.007217670573399,10809,2.14160294375336
82.4307546778928,3.23416482956586,0.694470818237069,4.65702048903346,3.20818527545374e-06,0.0002845371189581,5031,3.545861070192858
24.2953278972512,3.21041806227813,0.933589998092938,3.43878797848747,0.0005843246786085,0.0125651087236679,25884,1.9008337491816532
2183.31415388015,-1.73528082514984,0.521120597639563,-3.32990258494841,0.0008687637280477,0.01677850695337,408,1.7752466877720328
1255.30310730745,1.52389406236578,0.446387221149349,3.41383890524933,0.0006405443779149,0.0134111951059901,871,1.8725325193288525
140.940387544701,2.93623028050609,0.632640958195181,4.64122697474831,3.46346427713413e-06,0.0003019936256834,2615,3.5200022237969595
10.6056381090693,2.87294858885692,0.90152766442421,3.18675588362762,0.0014387815514329,0.023977758677711,107984360,1.6201914150401262
553.773358230469,1.19416195440612,0.411304830990841,2.90335017833211,0.0036919357059175,0.0461268750681903,5547,1.3360459663024415
19.8067563228764,2.34717149550042,0.736818023268705,3.18555114204155,0.0014447856508292,0.0240304685558735,23682,1.6192377610626654
2301.00295930887,1.68291036886332,0.586680767724315,2.86852827201271,0.0041238634084904,0.049777825546995,1075,1.3029640786709187
207.854597888792,1.59093593769204,0.381807654966356,4.16685186113473,3.08835047767182e-05,0.0014981399676311,24145,2.8244476096471374
2433.5715162136,-1.55596377859039,0.43864613052919,-3.54719595203826,0.0003893548808864,0.0095106602996666,23052,2.021789330113403
2949.41531288216,1.91093368846984,0.52108203942446,3.66724151648076,0.0002451811944864,0.0068089101199952,330,2.1669223986235004
162.449911534893,5.69233218173468,1.85730913679826,3.06482753406763,0.002177955504299,0.0318975552773498,4316,1.496242601276448
501.917565755488,5.98784988168183,1.69832932210092,3.52572955301423,0.000422317999442,0.0100920532682827,4319,1.9960204658377583
454.939012532415,6.05268804767589,1.16962481353406,5.17489709318625,2.28036630528312e-07,3.77738978551366e-05,100288077,4.422808198396358
2427.27923243792,6.29528876185472,1.19520490075259,5.26712094126349,1.3857991511881e-07,2.49022082254801e-05,4312,4.603762139746891
5147.20538591795,6.55568420067625,1.91338072020684,3.42623092803379,0.0006120198058726,0.0130385456581011,4314,1.884770847859142
1598.29118596165,5.19959693393216,0.926089001859136,5.61457583827677,1.97044994558204e-08,5.57799289389765e-06,4321,5.253522043340497
16.7737564440078,7.17349675216858,1.57683964017706,4.54928742872236,5.38278780557157e-06,0.000416611647948,4322,3.380268591880293
128.127096326834,2.81556665087701,0.613486611000856,4.58945085416555,4.44413613149933e-06,0.0003606162193869,643733,3.4429547439701897
579.490014368398,1.53969274319627,0.347587690963353,4.42965266960101,9.43849764677471e-06,0.0006095204808456,837,3.215011696823632
1722.44413845034,2.67397804038212,0.650808588885126,4.10870121576422,3.97890446762202e-05,0.0018071222158991,838,2.743012475056271
1701.62865820313,2.69939054452869,0.424475695664198,6.35935242488929,2.02606075426012e-10,1.67474181947141e-07,834,6.776052134908471
442.94199596039,2.17301087229172,0.39499852927616,5.50131383089906,3.76971521471478e-08,9.27394820381916e-06,114769,5.0327353340233865
17.7188246664457,3.55221740353007,1.10172757515501,3.22422482983626,0.0012631418633526,0.0221210394967654,440067,1.655194468818427
42.5150104871044,2.18551529668677,0.479047662045052,4.56220846033737,5.0618352542616e-06,0.0003977293746361,440068,3.4004123326467677
44.6925116368758,1.74522174113548,0.495417866992738,3.52272668672457,0.000427131591327,0.0101807085752862,143903,1.992221994138005
268.155312374936,3.63562218948427,0.705132623749295,5.1559409776747,2.523603837479e-07,3.98093689324455e-05,4837,4.400014706900427
1439.53645732359,-2.24929180500768,0.737690086985401,-3.04910130241752,0.0022952707024734,0.0330548677989322,105369504,1.4807645754356762
730.894991732989,-1.17457822037316,0.335017925706904,-3.50601603748441,0.0004548678116007,0.0105033321328744,51092,1.978672901182545
224.431147854352,-1.26541045384167,0.376331010583541,-3.36249317291051,0.0007724203607216,0.015367428239225,100652768,1.8133988062130504
122.381177620724,-2.00831913379292,0.623019729232427,-3.22352413504981,0.0012662362753244,0.0221474969902156,105369515,1.6546753486626524
265.458771134866,1.6417878144875,0.452962411710217,3.62455641360774,0.0002894578348988,0.0076393948380393,3587,2.1169410431140516
276.212037237217,1.10143604008578,0.371086636574311,2.96813717210001,0.0029961059033764,0.0400029461119478,915,1.397908022845896
385.604530853451,-1.61594344947228,0.530887960710906,-3.04385024536701,0.0023357137810874,0.0335191147820636,11181,1.4747074593240252
1960.80331070957,1.33390123101354,0.327720447456695,4.07024108921309,4.69645101803201e-05,0.0020303799223353,10525,2.6924226898032027
3244.78338154616,-2.31141946072465,0.667463013188528,-3.46299257794496,0.0005342031307065,0.0118283559308573,79849,1.927075615454552
438.210120708652,-2.53091197675924,0.691047891222072,-3.66242630779683,0.0002498376359347,0.006902265703999,283152,2.161008326476073
602.029110104623,2.27505796802968,0.661277500041472,3.44039827135658,0.000580858749517,0.0125166277985087,4162,1.9025126620015314
461.772200719577,2.52759561348485,0.718324163657599,3.51873950698625,0.0004336022302391,0.0102645954909648,7070,1.9886581607116414
2653.64730168331,-1.95030533593991,0.475699865828726,-4.09986522182899,4.13390815199896e-05,0.0018530848581574,220323,2.7321046926154375
20.4545596744199,-1.66442476097698,0.556019515274204,-2.99346464513238,0.0027582946426502,0.0376238671883607,25833,1.4245365673117294
84.7317104111005,1.61788418717812,0.560315565778315,2.88745179679378,0.0038837611009097,0.0475180125223799,57476,1.3231417323495487
124.640203157891,2.55646084064094,0.731170831812067,3.49639335899825,0.0004715929494482,0.0107684732600525,54538,1.967845866036818
4.17619314240439,3.10317167840833,1.07935854589262,2.87501469295546,0.0040400869692695,0.0489094301229969,112937,1.3106073974093386
11.1799546533911,-2.93728168602387,0.877228509785676,-3.34836550939447,0.0008128972442881,0.0159985919554415,100271702,1.7959182381497454
175.685149582491,1.74368759561245,0.506304342430387,3.44395149218415,0.0005732785452876,0.012402683069863,10867,1.9064843538386806
791.957123391029,3.04766955119345,0.706892084443661,4.31136465984342,1.62250071567014e-05,0.0009186021175157,7450,3.0368725578030027
200.848236663091,1.34069232836884,0.452759298053138,2.96115912833553,0.0030648354381833,0.040443693697356,25900,1.3931491874251467
127.730666444011,2.2146405947742,0.493259191646441,4.48981110191174,7.12863626259645e-06,0.0005062311627716,3902,3.295651123888989
510.65036582931,1.71010781925243,0.503631898004696,3.39555104835018,0.0006849060058626,0.0140134481298531,920,1.8534549896595423
2228.56273247266,2.14084961779372,0.610010310377772,3.50953021837929,0.0004488990465225,0.0104347568013373,716,1.9815176684066753
1824.60633251569,2.50604057359758,0.593488491364478,4.22255967901919,2.41543413850369e-05,0.0012360663691176,715,2.9079582096940473
213.305118099262,2.61325618102449,0.670794226405231,3.89576427189731,9.78895611315605e-05,0.0034836360548153,9332,2.457967223251514
366.700271656356,2.02527313725158,0.576490632550859,3.51310675819681,0.0004428994813029,0.0103770042869902,6515,1.983928003848437
43.8074052409597,1.78826999795364,0.500774572560952,3.57100798630501,0.0003556100506323,0.0088219468143073,50856,2.054435564821325
9.32351991787359,5.59604352041377,1.29513434314839,4.32082088627974,1.55449819408589e-05,0.0008873951707399,93978,3.051882939070805
66.8667982396417,4.86902112159466,1.09444821000813,4.44883647948814,8.63367130561026e-06,0.00057739423149,26253,3.238527559292458
3211.80531511028,1.4764332016539,0.506261591938738,2.91634448507118,0.0035415923026904,0.0447626941499065,2,1.349083782303968
45.6118682299553,1.43928497263157,0.467609697044653,3.07796220165668,0.0020842134932424,0.0309190752604842,107987174,1.5097735036047668
166.399267456168,1.83269551161017,0.403361863027225,4.54355178215367,5.5314209330678e-06,0.0004208656951804,9976,3.3758564722111686
103.436857606165,2.35028508708852,0.520004838316502,4.51973695994347,6.19165116942826e-06,0.0004586038402015,64581,3.338562312948125
267.021849652081,2.85373579865038,0.784861165755435,3.6359752822063,0.0002769308869966,0.0074170305296159,4256,2.129769933362962
8.4189349219395,-2.52257557617595,0.830513794183375,-3.03736746318144,0.0023865432879715,0.0340593349764718,55885,1.467763836081822
66.5277066161327,3.29074442305746,0.978672194203149,3.36245828025883,0.0007725179842637,0.015367428239225,11228,1.8133988062130504
608.211936271857,-1.5010944095247,0.412164059107116,-3.6419827890296,0.0002705461649961,0.0073068908181875,79365,2.136267381968174
223.768545374898,3.37921217657761,0.797592516643544,4.23676514769488,2.26763102652178e-05,0.0011867603210055,56938,2.9256369826251953
128.70474018796,3.04431585620799,0.662697423263578,4.59382479747044,4.3519480169391e-06,0.0003582988277691,83857,3.4457546126941856
296.105099807597,2.13293087396554,0.660866879484389,3.22747430712471,0.0012488825609415,0.0219270672233275,441631,1.6590194519476742
10.2349794829896,-2.78117652385368,0.926974789464716,-3.00027201975976,0.0026973859461422,0.0371115050446274,1272,1.4304914326271643
1830.65200501317,1.00767256190492,0.315383355870847,3.19507210240217,0.001397959108295,0.023601981187024,54407,1.627051540145203
537.477367492325,2.77658686541842,0.954376443670751,2.90932040897722,0.003622154262067,0.0454515237661031,27289,1.3424515524394323
17.7603623444747,2.00152810985398,0.625486723965615,3.19995298567521,0.0013745000652894,0.0233393951102761,121268,1.6319104038036494
313.805358274037,1.11623706988876,0.362113625776116,3.0825602530044,0.0020522817888939,0.0305030404599848,51411,1.5156568692046246
243.572067276801,1.95979909550392,0.48481562994508,4.04235955785074,5.29160070583835e-05,0.0021915976029873,3164,2.659239183237309
127.465168827718,1.90403935002602,0.543462527009004,3.50353383241541,0.0004591283283542,0.0105655756185311,25946,1.9761068373582962
697.603452105898,2.84434419748848,0.701525851563842,4.05451087960318,5.02393124017681e-05,0.0021230989586555,3678,2.6730297626892012
320.453941962954,-1.51159815260892,0.492538153142224,-3.06899707761815,0.0021477869226812,0.0315451433953154,5959,1.5010674940734148
20.9301607931782,1.71408056334096,0.573198132899321,2.99038057690609,0.0027863005706095,0.0379269929273217,51561,1.4210515893257187
4927.35101674393,-1.22820549161242,0.401892838359273,-3.05605219696517,0.0022427220933837,0.032523404954228,4640,1.487803993354029
36.333317234633,1.48709533669536,0.503161840643142,2.95550102685561,0.0031216165794615,0.0410096672692775,100130776,1.3871137543336554
93.4692465263359,3.4885660184843,0.904531660970507,3.85676496358489,0.0001148975428271,0.0039572628708704,1594,2.40260509970198
736.828066584143,-1.66996275630083,0.479405645295677,-3.48340236016801,0.0004950836758427,0.0111813160232689,10677,1.9515070776653696
165.300876405194,2.09149405488958,0.531754960309276,3.93319143402656,8.38254254884942e-05,0.0031043950138346,11213,2.508023022783138
25.478657527823,1.8269340828988,0.572029101626059,3.19377821461448,0.0014042395480121,0.023630790113738,92797,1.626521757153081
36.6100637547412,7.57789893928177,1.37172322506152,5.52436439132387,3.3068052725175e-08,8.54189136957177e-06,3458,5.068445955959479
7713.51891106173,3.36479586892487,0.76997178911637,4.37002487167271,1.24232385695162e-05,0.0007441339856204,4069,3.1283488601844605
298.971317258947,1.168460865269,0.385347962195703,3.0322227698082,0.0024275997421762,0.0344312619574966,11010,1.4630470594581666
598.557510391559,4.15036923892301,0.58714230507678,7.06876204122316,1.56321938573432e-12,4.03799107577497e-09,22822,8.393834645210598
1381.62245141074,2.82868726452605,0.68603754095906,4.12322518177596,3.73604139275146e-05,0.0017118690771886,4060,2.766529452993425
1748.15439230933,2.30551790113718,0.747955962723128,3.08242465604973,0.0020532169987824,0.0305030404599848,1634,1.5156568692046246
269.444562413218,1.49197162730919,0.496545870436576,3.00470050430066,0.0026584247556817,0.0366976269713854,2004,1.4353620182153037
124.891234749364,2.3627569205492,0.512463497866403,4.61058578881488,4.01535892560952e-06,0.0003373064723484,121457,3.4719753253443693
20.1613610690517,4.56533799332831,1.39441033766891,3.274027644517,0.0010602623813873,0.0194931691382293,160728,1.7101175489091176
85.6319580390678,-4.7437903611533,0.836579601921654,-5.67045903373289,1.42415421674498e-08,4.26523867957029e-06,4604,5.370056661021669
328.21077350013,3.59209232405675,0.635659555919076,5.65096880965327,1.59546042519997e-08,4.7100270981082e-06,55332,5.326976594245837
94.3150725988325,-2.72615840140134,0.692394827511033,-3.93728880269242,8.24074053303692e-05,0.0030628579696979,55576,2.5138731417525584
9381.90608122205,1.43185486439556,0.405671809260505,3.52958926824537,0.0004162052664103,0.0100198423738466,7184,1.9991391104754674
211.026632413726,1.26166779581593,0.412202607452743,3.06079528126365,0.0022074997198289,0.032238856332343,100500842,1.49162037311268
209.136546386958,1.86805484290521,0.593856019373222,3.14563594872175,0.0016572615241908,0.0263440841518486,50515,1.5793168950115632
47.724992446732,2.12467424215126,0.705239756647637,3.01269776997671,0.0025893665418189,0.035936373127393,160428,1.444465756115248
57.7320906372196,-1.96600320910908,0.413223122926878,-4.75772796832809,1.95784094918359e-06,0.0001973599181213,105369957,3.7047410436940145
165.79094044836,2.95846371285681,0.598673366731615,4.94169922575342,7.74446249797275e-07,9.19766192647167e-05,1240,4.03632255759805
311.370950288508,1.94359240403525,0.562608118719199,3.45461137045075,0.0005510865572396,0.0120255582949921,6404,1.9198947520596636
37.6412804524279,1.38770056889608,0.464766606344559,2.98580093740059,0.0028283669130082,0.038326690004797,105369968,1.416498685956285
110.125179476853,-2.15252946018673,0.52547033577704,-4.09638625366678,4.19649533677224e-05,0.001868977933931,1610,2.72839582608429
16.4809704887177,2.8067282023488,0.799391468112361,3.51108100887848,0.000446288375955,0.0103857537039535,59341,1.9835619808245584
616.836504514379,-1.62305163728084,0.507042673591435,-3.20101585490744,0.0013694399656571,0.0233172515697672,144717,1.6323226416672418
646.924107935933,3.10743509829639,0.61076323781081,5.08779000752325,3.62260167083124e-07,5.02423245152534e-05,4939,4.298930275704102
215.076270546193,1.63592960661488,0.442455405738223,3.69738867555564,0.000217828694581,0.0062433148037697,6926,2.2045847662871663
1775.58703526954,-1.52949758765868,0.482188397903788,-3.17199168272784,0.001513973429278,0.0248303658063739,54621,1.6050168822771156
283.353353272736,-2.34620155055785,0.611244518806066,-3.83840096454467,0.0001238381430196,0.0041679401066778,283460,2.38007853047778
338.324599202332,-1.74274204235492,0.495434927360311,-3.51760028635909,0.0004354677677084,0.0102956843536063,6927,1.9873447805547533
5430.01320685372,-1.10968038220114,0.383207482258478,-2.89576909005302,0.0037823059803369,0.0466800040130414,22877,1.330869115290728
121.149085282078,6.03854072514849,1.05830516799911,5.70585962134656,1.15757374207592e-08,3.62443354242407e-06,338442,5.4407598590578665
114.39837474111,6.05756140913604,1.26491906150062,4.78889250190423,1.67704282805621e-06,0.0001741512062401,8843,3.75907351310006
135.566135224743,1.37280724679325,0.475268208291727,2.8884895367346,0.003870969072655,0.0473895591744176,196383,1.3243173311615053
1722.09422325108,-2.09455130370479,0.612523525167606,-3.41954425853547,0.0006272612768957,0.0132094840407641,949,1.87911414549109
4.8171737031637,-4.75221859761018,1.61865699514901,-2.93590217807245,0.0033257918216974,0.0429815434617741,400084,1.3667179931047924
249.294732045043,2.36217177164155,0.710247977410375,3.32584089891284,0.0008815223063487,0.0169299799820612,2321,1.7713435553987729
633.714374001986,1.81015168519861,0.523483792454053,3.45789442059467,0.0005444146903427,0.0119430250275299,6541,1.9228856575977098
22.8868352073572,4.43369917228797,1.21733153665294,3.64214598800132,0.0002703746591119,0.0073068908181875,107984551,2.136267381968174
144.650260776433,1.58121091635513,0.539715431898631,2.92971225742552,0.0033927601128099,0.043427354099787,23111,1.3622366301097277
110.630042200406,1.95406011518799,0.59785551445327,3.26844876052528,0.0010813875588315,0.0197585091982795,10186,1.7042458265189124
100.956706276418,2.31852649237862,0.566961470736875,4.08938986517947,4.32509368798875e-05,0.0019138771105414,28984,2.71808595157859
246.710510735145,1.07517579344113,0.328665943102111,3.27133314542144,0.0010704173256138,0.0196623769189429,10161,1.7063639829238366
7854.89183703164,3.49983338976933,1.17156545743029,2.98731357055018,0.0028144088894896,0.0382127199088717,10562,1.417792048954512
58.1967983974429,2.96874596597508,0.835210484547286,3.55448838454685,0.0003787152396588,0.0093216634626889,27253,2.0305065803280686
24.8248175650196,6.90469883772013,1.49041874762703,4.63272409093983,3.6088536241746e-06,0.0003107373339315,730249,3.5076065647483143
1281.52564493972,-2.987349111474,0.796446157133736,-3.75084879839828,0.0001762369567774,0.0053795224694313,6564,2.2692562741654743
2105.44700603953,4.06159873704689,0.784921803813365,5.1745265799912,2.28489582961146e-07,3.77738978551366e-05,1282,4.422808198396358
2202.22658523239,2.67319319979505,0.680750667762677,3.92683154991334,8.60722171341824e-05,0.0031649152439108,1284,2.4996379158503275
16.0902194932942,3.17950821514331,0.960874392072196,3.30897382777209,0.0009363858997685,0.0177364020336546,100129836,1.7511344755645841
110.578426022545,2.03563632798174,0.644114488001346,3.16036413696921,0.0015757207387662,0.0255791587326035,100874203,1.592113743039387
91.8152119026804,-3.8923798422553,1.00647508990909,-3.867338477902,0.0001100296594122,0.003847309430516,85495,2.4148428829519872
1561.01599649754,1.2634257532522,0.378210057010087,3.34053981335168,0.0008361569105296,0.0162475312179315,4860,1.7892126199086762
705.484128642928,-1.73219278144697,0.454536038002386,-3.81090306735563,0.0001384600552914,0.0044568178233603,643382,2.3509751177483196
2225.17250496453,1.70750574845113,0.482316675317722,3.54021711425658,0.0003997979840945,0.0097312430404173,4323,2.011831680686077
2991.11868060749,1.19636324163086,0.411221461700249,2.90929183677414,0.003622485344436,0.0454515237661031,5721,1.3424515524394323
76.6695374861015,3.6165903998791,0.979413367592137,3.69260877944764,0.0002219653474913,0.0063226057963624,2999,2.1991038948594803
229.951541175001,4.31421532616972,0.834515343564788,5.16972558915543,2.34437982150758e-07,3.79995127051018e-05,3002,4.420221972615882
13.6368574214217,-2.30317486765975,0.739724534534106,-3.11355749354771,0.0018484649187075,0.0285425856188414,102725045,1.5445066875236848
86.8343881725255,2.57624685315386,0.713351694471812,3.61146805021805,0.0003044685983717,0.0079342289853112,161198,2.1004952697527135
1089.6008144929,-3.03066170286475,0.868967328162315,-3.48765897709178,0.0004872691443085,0.0110461140524386,107987206,1.956790476947122
1088.26672852064,-3.03749736520206,0.871158687569537,-3.48673256496636,0.0004889600445413,0.0110672062655487,6029,1.9559619957953949
92.4735430124137,-4.47295362694636,1.00881207669749,-4.43388191940494,9.25513295017739e-06,0.0006014381208031,378707,3.2208090485837726
1212.11435724083,-2.89683583172722,0.824392176486203,-3.51390504950492,0.0004415706223299,0.0103693828527817,105378179,1.984247090439036
1192.28233721238,-2.94114958380576,0.849724742593718,-3.46129686047288,0.000537579659349,0.0118560124444491,378706,1.9260613535151572
183.704415086104,-1.20961173783368,0.342891185228144,-3.52768397072925,0.0004192123347633,0.0100499105543906,283551,1.997837803507916
130.912459127705,-1.40981894637364,0.447370120477121,-3.15134802670788,0.0016251871299992,0.0260546873866831,105370485,1.5841141332841318
11.0944965049054,4.91328192037817,1.10548885014339,4.44444276370666,8.81199628839672e-06,0.000585679847262,51804,3.232339719413196
326.860528506892,1.2015865010034,0.393383576024962,3.05449076737041,0.0022544295349001,0.0326473625358872,5583,1.4861518980757988
4.9483442161609,4.7019804088068,1.39740734504696,3.36478867487905,0.0007660230506502,0.0152945568518719,101927780,1.815463101848627
6.69444822050013,3.29511337199754,0.982968168157845,3.35220760828179,0.0008016987536537,0.0158385322602818,400221,1.8002850664835586
40.0744799717193,1.66249384868444,0.450244317392302,3.69242605506534,0.0002221249362767,0.0063226057963624,100750246,2.1991038948594803
1492.09232852509,1.84338642088148,0.360833769651932,5.10868598207882,3.24406984757978e-07,4.77346780165136e-05,3091,4.321166002524511
353.927399665315,1.94069882945057,0.389391618035501,4.98392553810348,6.23070653863256e-07,7.66413991790725e-05,100750247,4.115536575299506
257.427042489545,1.37885812330097,0.380831886027615,3.62064778158042,0.0002938663420266,0.007725589034364,2530,2.112068398036272
1016.06004533114,1.63057967161619,0.510221882014242,3.19582465804687,0.0013943181801658,0.0235790386195804,87,1.6274739062266326
24.6726278246366,-3.18455850554189,0.93478638186911,-3.40672325496907,0.0006574775484627,0.0136003739128959,100506358,1.8664491514772
58.9337873681655,3.41628239540434,0.922047319411101,3.70510528416944,0.0002113029451645,0.006119778430177,64093,2.213264301431797
45.5106025425844,2.43318485817914,0.639563661720906,3.80444513003139,0.0001421224100918,0.0045426546707677,5228,2.3426902766743374
285.29861102907,1.79510770841345,0.474650193863422,3.78195928627384,0.0001555988154875,0.0048941393029694,22846,2.3103236733884134
273.356894903226,5.52038735880897,1.56808701968315,3.52045982749378,0.0004307992449138,0.0102327199955683,1734,1.9900089095867437
74.1069607678651,1.62508502796106,0.392518941170602,4.14014422619862,3.47087529525056e-05,0.0016173743882844,8477,2.791189438383079
43.003881957161,2.93914764155146,0.985343733758166,2.98286530969386,0.0028556363341302,0.0386455303502296,101928957,1.4129007283040276
112.639194269307,2.98994813261908,0.888095448697746,3.36669683084557,0.0007607427097125,0.0152038182748651,79820,1.8180473299854671
971.154627384893,1.52276468726147,0.503672971719748,3.02332023507658,0.0025001751986267,0.0350992666301779,123036,1.4547019576593694
79.7864553433312,1.5527768679587,0.480954270778384,3.22853327707365,0.0012442678150039,0.0219205408329559,10516,1.6591487349563356
6.87563078456949,4.62782273968949,1.44377513199391,3.20536255067524,0.0013489245488083,0.0230813662471802,57718,1.6367384877151865
3453.50451348211,1.82587895213376,0.481556808210038,3.79161694114679,0.0001496696438669,0.0047510340868041,5265,2.323211853677233
7283.97383467518,4.51968205131272,0.892971437218865,5.06139598976329,4.16197769508088e-07,5.40926220558783e-05,7453,4.266861966296902
892.750798163074,-2.32683618076887,0.811813985053287,-2.86621839930011,0.0041540755242819,0.0499964884736666,64150,1.3010604974652655
32.3122255942536,-2.71621496923258,0.795134772505811,-3.41604349747229,0.0006353809693295,0.0133300992194868,100302145,1.8751666180043518
1872.88014681226,-1.50342657978381,0.491561690567673,-3.05846978849715,0.0022247051001679,0.0323757259823737,122416,1.4897804843283335
1642.14558003924,2.3366164826277,0.58371180226232,4.00303107384768,6.25360846979849e-05,0.0024998639892987,7127,2.6020836194495254
27714.8512577126,-2.65346659736471,0.701503066410602,-3.78254454530294,0.0001552333017467,0.0048900856411543,1152,2.3106835349142028
21.1237926796672,-2.18890069179237,0.683772038134384,-3.20121410311631,0.0013684980504914,0.0233172515697672,105370691,1.6323226416672418
195.028199098406,-1.9957218353858,0.624966427408269,-3.19332646981061,0.0014064384054334,0.023648535108448,374569,1.626195756153295
58.2131708161799,-1.25287355990056,0.393585979066576,-3.18322711309955,0.0014564332632651,0.0241550508710867,102723354,1.6169920435424385
43742.9934570587,2.6270220647733,0.851209773736596,3.08622168803506,0.002027176212017,0.0302030255380916,3494,1.5199495501328109
2423.6548235523,3.69473380358741,0.761242811390079,4.85355493451634,1.2126772896543e-06,0.0001340105678647,3503,3.8728609524982
28613.8315523501,4.92169073596019,0.866177576409049,5.68208052252318,1.33065980728276e-08,4.10419177873109e-06,3501,5.3867723539150765
2183.63975198013,5.15737529961425,1.01602031379264,5.07605530086559,3.85351181202844e-07,5.17739099247472e-05,3505,4.28588903620372
196.347301831625,6.0919427462516,1.25590798865027,4.85062823176931,1.23071036033538e-06,0.0001352799446613,2003,3.868766583066265
80847.1557553975,3.15606602440461,0.89998332045262,3.50680501813895,0.0004535213321833,0.0105033321328744,3493,1.978672901182545
16325.2180786832,4.01185443693292,0.731913709485675,5.4813216161125,4.22160243336879e-08,1.00275188833984e-05,3500,4.998806511500591
4931.31195944627,4.56079577620739,0.964017488971169,4.73103011966601,2.23383370836635e-06,0.0002146928561082,3502,3.6681824064459407
22776.533010998,3.95145804040804,0.981707920336519,4.02508521990281,5.69546861286953e-05,0.0023260248791491,3507,2.6333856443713777
998.68853124564,3.1669481794689,0.735375461180838,4.30657309992848,1.65803153722976e-05,0.0009297761018426,28475,3.0316216207376483
1673.78021953155,3.6306057958363,0.791122921845681,4.58918038598368,4.44989769870145e-06,0.0003606162193869,28476,3.4429547439701897
2243.10702240179,3.47246377817896,0.821200797004651,4.22851973700567,2.35233883371342e-05,0.0012213839698162,28477,2.9131477842468616
479.823696954327,3.50172820863733,0.835681051097098,4.19026876825817,2.78624225817677e-05,0.001390765610271,28479,2.856746056739276
138.47648213454,4.13684692674143,1.01078029476538,4.09272613263763,4.26331142664091e-05,0.0018905864942389,28481,2.723403448895795
275.169134068588,4.97866339980782,1.01507154663871,4.90474136162529,9.35505242512501e-07,0.0001098421354347,28483,3.959231032594938
431.695138997806,4.85486850387486,0.741862993313881,6.54415781300574,5.983159075289469e-11,5.88771344242176e-08,28385,7.230053335457829
397.509566205108,4.9133928160937,1.00678330847092,4.88028831502586,1.05930862402374e-06,0.0001189707212796,28473,3.9245599054245526
226.384235921969,5.98782205585983,1.71468553888207,3.49208173748508,0.0004792715602217,0.010919676727655,28401,1.961790218542796
190.615821406448,3.55736067025742,0.888671699396349,4.00300884193099,6.25419638261529e-05,0.0024998639892987,57289,2.6020836194495254
220.066576540095,3.02204889939736,0.825924436501162,3.65898957076458,0.0002532116434276,0.0069675347688836,28457,2.156920855424617
1943.4126247021,4.59700759451395,0.730420109617993,6.29364872897348,3.1008911278405004e-10,2.00249734865075e-07,28452,6.698428050258512
475.574745690936,3.8628625041848,0.794236709983654,4.86361616836409,1.15260326314911e-06,0.0001280567012525,28450,3.8925976898169314
266.983053930122,4.79283885754263,1.03850418673743,4.61513676954914,3.92836529798039e-06,0.0003313455872765,28449,3.4797188087886743
1120.99735155532,3.93621331719612,1.01095212434316,3.8935704494944,9.87794980065405e-05,0.0035073510761257,28448,2.4550207602682175
26.7271873167749,4.42481827997903,1.40286649466478,3.15412642386641,0.0016097933274638,0.0259083949470716,28447,1.586559491190999
118.43239241451,4.23224889119064,1.23778433963468,3.41921347335817,0.000628024352576,0.0132094840407641,28445,1.87911414549109
815.434408842238,3.87948529716653,0.94085116911056,4.1233783031104,3.73355756489184e-05,0.0017118690771886,28444,2.766529452993425
2529.09910883151,3.92735089256419,0.786009434903193,4.99656965701422,5.83591014492785e-07,7.22150198472659e-05,28442,4.14137246505663
51.8852597178973,2.66042238075885,0.684677867904111,3.88565558414025,0.000102054108004,0.0036050395588114,28467,2.443089965319243
41.5348990538334,3.64462693063109,0.873779010544352,4.17110835422854,3.03121675610742e-05,0.0014773607137962,28455,2.830513453987279
13.1517644739258,4.05552744620086,1.24136374297208,3.26699363434853,0.0010869612442177,0.0198252904781636,28400,1.70278044072464
848.66383131964,3.43060326647589,0.890977101284909,3.85038320460593,0.0001179331594654,0.0040416065345829,28439,2.393445968944686
69.6063922292239,4.87472534273121,1.03231426805396,4.72213306895452,2.3338389546459e-06,0.0002212329449438,28398,3.655150199510553
888.57395844902,3.22416735366644,0.880968761864421,3.6597975924175,0.0002524145495765,0.0069548622226658,28434,2.1577114690549184
176.120249839277,2.82078706028469,0.85542366513878,3.29753217644155,0.0009753849820105,0.0182740985070238,28395,1.7381640383417516
7.64514883003014,5.2985794172222,1.64391066783704,3.22315532156852,0.0012678678412497,0.0221474969902156,28432,1.6546753486626524
859.530261519984,3.38088427420165,0.872241707022963,3.87608646431378,0.0001061499767767,0.0037369493527951,28394,2.427482788141978
105.714729977682,5.52744975856081,1.13461455745634,4.87165418620457,1.10667747907481e-06,0.0001236188654328,28428,3.907915246656954
133.578853981096,3.19518424428358,0.774037369854577,4.12794571518411,3.6601849119914e-05,0.0016845817640601,28426,2.773507904945049
530.664224115594,3.27355462409469,0.809573270304278,4.04355571530212,5.26466383269616e-05,0.0021890196801341,28424,2.659750333939048
376.605226150809,4.89535552287506,0.763555186233689,6.41126615486942,1.44315992500263e-10,1.24262082709081e-07,28423,6.905661371618757
346.61909744598,2.48900271678712,0.85816660668427,2.90037237221799,0.0037271958782244,0.046399098086451,28388,1.3334904612529723
16.8874234894198,4.17644234214408,0.984913966057894,4.24041336205257,2.23108538559341e-05,0.0011731648726027,28393,2.930640949325311
984.148228383622,3.63813101332636,0.764429419531399,4.75927655368963,1.94288077930257e-06,0.0001968119181582,28392,3.7059486059371025
17.0410420615673,5.75441526841356,1.22018743779002,4.71600927053949,2.40515480780256e-06,0.0002238852437082,28417,3.649974529856844
8.57910979893886,3.62237783816762,1.12235482539105,3.22748007690485,0.0012488573748129,0.0219270672233275,28416,1.6590194519476742
65.9572031844478,4.66621252841123,0.97332767336149,4.7940818453214,1.63421550208561e-06,0.0001714267175157,28414,3.76592149066612
50.297568939501,4.91374212603426,0.891915452066572,5.50920170140466,3.60464679822314e-08,9.19629951670139e-06,102724977,5.036386892521033
44.9351286111611,4.84278085419763,0.895397671181455,5.40852518390818,6.3545852936023e-08,1.31317505092291e-05,28413,4.881677377046443
150.919849516895,4.09528531025232,0.938786390379885,4.36231857664143,1.28691291876027e-05,0.0007641969961546,28412,3.1167946737348196
9.10931813555587,4.63325613838732,1.20961911276242,3.83034303071346,0.0001279647431868,0.0042394655286499,102723168,2.372688891659408
51.5354277165147,3.66767469845632,1.07224624715283,3.42055260924923,0.0006249404703509,0.0132049026787349,28454,1.8792647952328358
24.970271738823,6.50556750477625,1.23398688653419,5.27199079323117,1.3495184928966e-07,2.446298215413e-05,28411,4.61149060150504
477.45952959353,4.08988842376271,1.01910437674941,4.01321838770633,5.98964504953091e-05,0.0024127878157613,28410,2.6174808689307585
218.572710064627,4.42455452946096,0.960264497562404,4.60764147866815,4.07262090212017e-06,0.0003393577054125,28409,3.4693422853258
1379.92535556835,3.96585413138843,0.84480237569121,4.69441640495341,2.67368916674261e-06,0.0002455634961366,28408,3.6098361921103397
25.9568437830257,4.24800453488522,0.967523506720267,4.39059568618152,1.13040557464114e-05,0.0006931700652806,28451,3.1591602006669537
163.465406139133,5.03745643019687,1.18293003416572,4.25845678501995,2.0584300190375e-05,0.0010965101810337,102723407,2.959987331568557
19.9797965401625,2.23251200657199,0.771683261151757,2.89304189809677,0.0038153039859264,0.0470144644419623,339005,1.327768506726042
52.1316875013423,1.34132897225439,0.423726808459408,3.16555135402269,0.0015478933564425,0.0252863369256005,57194,1.5971140796402308
80.5877737322477,2.14207293587638,0.684006732674165,3.13165475360428,0.0017382415002577,0.0272333287360325,321,1.5648992715011718
83.495117717436,-2.16455040687764,0.72667588112294,-2.97870132077693,0.0028947279699248,0.0390212351588362,100130111,1.4086989877816618
14.043609324119,-2.99911944364427,0.875430479532934,-3.42587962580922,0.0006128119025826,0.0130416179646244,102724055,1.884668525972266
66.6461201576582,-2.29924222153913,0.680839293741431,-3.37707039337293,0.0007326229821415,0.0147129775762435,1139,1.8322994269277095
134.793231820138,1.60626618663164,0.487206615919175,3.29688911059064,0.0009776209113077,0.0182786057701654,10125,1.7380569338437664
114.488801130392,3.61943246475601,0.966432321132783,3.74514840368084,0.000180287172952,0.0054548088273126,11245,2.263220465368598
59.727480208417,1.16836567407463,0.379838975573082,3.07594993987085,0.0020983307139687,0.0310588719283618,113189,1.507814322084103
119.576271448507,3.03620814375661,0.514476108962109,5.90155323224196,3.6009519811290802e-09,1.45823717295582e-06,79094,5.836171835051561
742.866346425392,-2.29419386491712,0.60919206294886,-3.76596151599847,0.0001659093479038,0.0051479229345856,3706,2.288367963192425
727.079239423576,-2.48963008013019,0.5526775893778,-4.50466986174163,6.64762068376786e-06,0.0004837080332044,4058,3.31541669998518
78.5943586076933,2.3516713744992,0.704498043518427,3.33808077415575,0.0008435922227163,0.0163535021411189,4130,1.7863892278543063
920.825237207958,2.27177518769409,0.494233462412197,4.59656288064,4.29517390862546e-06,0.0003550390752869,100419583,3.4497238462474873
158.797810355307,2.0161655912059,0.67507725375792,2.98657017398024,0.0028212608005443,0.0382806004223564,653381,1.4170212590333549
473.904216713535,1.68091939109098,0.550745586198052,3.05207964115486,0.0022726179456765,0.032864695484538,6652,1.4832703874212672
10654.4198106611,2.75548086128499,0.929362356780625,2.96491550489539,0.0030276607448796,0.0401325268075292,50506,1.396503495536042
3557.65235593045,5.24874836751139,1.08953684637972,4.81741244910788,1.4543186932577e-06,0.0001549149267843,405753,3.809906733901682
710.784325002038,4.70632237231949,1.12376431386304,4.1879977093605,2.81426356615439e-05,0.0013927810996828,90527,2.856117135313442
133.240121226343,2.12194725988559,0.721024874948223,2.94295985285941,0.0032509057374008,0.0423047651532668,53905,1.3736107115088092
326.548658013846,2.23927349793499,0.708965774678306,3.15850719162157,0.0015857939667505,0.0256821569928688,2200,1.590368503548644
172.858177699522,3.5408519536924,1.02482071275833,3.45509405656148,0.0005501008819647,0.012016738610783,2252,1.9202133855389
90.1882605501242,1.69078437980135,0.563119993340708,3.00252947825699,0.0026774604122283,0.0368864796124662,256586,1.4331327911769631
44.0032148573472,-2.02918888238748,0.688222322163343,-2.94844967540282,0.0031937213324982,0.0417446245009975,10017,1.3793994411350858
80.8314727960006,-2.79925077672604,0.838977144955857,-3.33650421058052,0.0008483914355545,0.0164311237260861,3990,1.7843327341090744
186.588029382819,1.4826818757733,0.352244131912039,4.20924507024449,2.56225356350531e-05,0.0013024159681507,6095,2.885250287794844
833.619321921825,1.01593992819813,0.271620396508372,3.74029322266605,0.0001838057038546,0.0055369458748627,54832,2.256729721812855
98.3183333134571,5.40274101355675,1.18893445835638,4.54418742394403,5.51475737881818e-06,0.0004208656951804,145741,3.3758564722111686
68.1592485696995,3.13440040606532,0.81820732785046,3.83081439065061,0.0001277198261756,0.0042394655286499,388125,2.372688891659408
309.038770846022,1.24800735774916,0.335713095913318,3.71748190029323,0.0002012183978362,0.0058897708091864,51762,2.229901604744693
331.664096461193,1.69244864287499,0.524855670972567,3.22459818284683,0.0012614959124032,0.0221109525274078,80301,1.6553925478560918
103.294658436664,2.2577073951873,0.720914628917733,3.13172642727012,0.0017378172411598,0.0272333287360325,57722,1.5648992715011718
163.367682985587,1.76213813213715,0.611586374382121,2.88125799715112,0.0039609127361694,0.0482051011148069,4091,1.3169070018277311
51.3530729602709,-3.79321648606922,0.818173085382446,-4.63620296712171,3.54867526916185e-06,0.0003068342026662,102723493,3.5130962314203176
7.29047377640875,-2.71778627379696,0.912058591833328,-2.97983736805104,0.0028840145583955,0.0389021937658245,101929151,1.410025907323951
837.711984163349,1.7469719527242,0.547729937561236,3.18947684419548,0.0014253055727147,0.023888028921452,5371,1.6218196838144865
45.5460803901879,3.70948459933281,1.24786244155603,2.97267108601109,0.002952206275359,0.0396408984277414,64220,1.4018565111547525
2237.39032843228,-1.34816234285149,0.453878400522955,-2.97031614921121,0.0029749341576694,0.0398157888908546,25989,1.3999446749508924
11.4961967941027,-3.65677425473638,1.27097101461407,-2.87715000003108,0.0040128479373529,0.048693777231591,1381,1.3125265354313052
101.9154675194,2.96078315163428,0.733129805881798,4.03855241988571,5.37820754488443e-05,0.0022183764254498,11173,2.653964758626492
1138.71238283188,1.71114599074909,0.577020596776218,2.96548511493207,0.0030220596936804,0.040095317128365,1512,1.3969063471820624
153.313264138168,2.55646061824197,0.614964293055011,4.15708789455404,3.22330003304271e-05,0.0015479991955562,597,2.8102292693414945
943.915079648531,5.41363372705577,0.979625283461169,5.52622907804968,3.27186868161995e-08,8.54189136957177e-06,57214,5.068445955959479
13.0524673494499,-2.09504354239793,0.690516373601354,-3.03402442359379,0.0024131489292364,0.0342969206483301,283726,1.4647448713704398
5.14675795591232,-5.46112229221933,1.58582082652777,-3.44371961880254,0.0005737703854241,0.012402683069863,123624,1.9064843538386806
215.776657860346,1.62556446584642,0.430014547381874,3.78025458846358,0.0001566680773455,0.004920282398703,64782,2.3080099702654095
15.0966291462375,3.85877654216439,1.31634277469964,2.93143747687215,0.0033739727472495,0.0432986891262532,176,1.363525251772559
326.333461634008,3.65490307083983,0.768902908689998,4.75339998006614,2.00024078748868e-06,0.0002006552226866,145864,3.697549531895991
203.743721468042,1.60811264322384,0.440558989050252,3.65016418502907,0.000262072737644,0.0071564012556795,22856,2.145305316757274
640.858283933318,-1.59942328751412,0.507610352942268,-3.15088783797131,0.0016277498605632,0.0260553453668005,26063,1.5841031658324107
58.1008091533944,-2.59988061327532,0.795186569794083,-3.26952279129736,0.0010772905832524,0.01971795681381,117166,1.705138088911025
197.133824791681,-2.98067618367326,0.89525030189255,-3.32943331867316,0.0008702289910698,0.0167893950750897,10232,1.7749649512879961
193.431661638173,-1.01628426841385,0.289844571166072,-3.50630775772424,0.0004543695259041,0.0105033321328744,8938,1.978672901182545
91.4181347581946,1.62303107270405,0.496449026681751,3.26928040035114,0.0010782139462668,0.01971795681381,79652,1.705138088911025
833.423397023048,-1.40983767899788,0.402392283937656,-3.50363994359372,0.0004589454372737,0.0105655756185311,2671,1.9761068373582962
247.946638430898,-1.85899702447138,0.57833422069095,-3.21439914492763,0.0013071782659709,0.0225912738511658,645644,1.6460592798837794
287.985010363406,2.64851191275627,0.679242824948731,3.89921220434854,9.65061691593902e-05,0.0034563257984034,51330,2.4613853270207033
192.497909842591,2.58315299096467,0.611389529914132,4.22505271120275,2.38884856283635e-05,0.0012310612356861,64386,2.9097203437712604
102.197352987642,1.79538618688785,0.550136481384631,3.26352868358969,0.0011003404535948,0.0200123427234732,100507419,1.6987020681692646
44.6402741977827,2.49563961704935,0.589133589649909,4.23611836244539,2.2741693061611e-05,0.0011867603210055,105371058,2.9256369826251953
58.726755025486,-3.02586386223191,0.824425280678172,-3.67027059109933,0.0002422938409099,0.00675708801944,197350,2.170240423814685
44.2227118358848,2.9616410408401,0.922339583704347,3.21100936484306,0.0013226962424076,0.0227785524332594,4210,1.6424738785985804
131.683075422266,2.91226410038289,0.728262277312545,3.9989220794599,6.36316231997278e-05,0.002533617521045,114990,2.5962589462943186
935.739066229605,-1.42174341660096,0.279933274813657,-5.07886537442672,3.79695637333992e-07,5.17739099247472e-05,79641,4.28588903620372
440.30503213115,-1.0285394393817,0.355034011488278,-2.89701664094132,0.0037672977171298,0.0465895914569046,51172,1.3317110978537727
288.832635690087,3.27993308723863,0.880184525011868,3.7264153072839,0.0001942222911671,0.0057532220140099,8651,2.24008886644052
672.819000038239,-1.51279735699382,0.519724192136026,-2.91076955793869,0.0036053981994854,0.0453973263377908,8399,1.342969724035765
11.1628280046609,-2.85410918724178,0.837500820830566,-3.40788822679757,0.000654677056156,0.0135832343026755,105371095,1.8669968079228092
205.430541059505,-1.42872003447868,0.430519542172266,-3.31859507995807,0.0009047151624633,0.0173270980836927,642778,1.7612741661821438
203.093073932354,-1.49924691276057,0.439775523416917,-3.40911859103002,0.000651731413239,0.0135357081955626,642799,1.8685190167771977
597.370713313301,1.34182310820275,0.409196148543564,3.2791684696414,0.0010411346185724,0.0192098632971426,4363,1.716475725690512
272.12888339099,3.56492710675184,0.703940022836576,5.06424836080028,4.10014829068631e-07,5.36263065993877e-05,10261,4.270622113138386
976.810417259408,-1.50931657162752,0.490547191930343,-3.0768019804338,0.0020923424681712,0.030995166383339,29904,1.5087060279953546
84.3314380515181,-2.92407194561966,1.0114977088402,-2.89083397823258,0.0038422103741071,0.0472412239517377,115584,1.3256788589713122
40.1132794346674,-1.37678389339274,0.383539711471927,-3.58967755414165,0.0003310872530957,0.0084260074941187,728741,2.074378158946063
2812.56665633052,-2.01592711598141,0.691761017541449,-2.91419589260192,0.0035660605975976,0.0450168859189714,6817,1.3466245509832893
17.7349109315449,-1.89955147568971,0.648398091115285,-2.92960682907372,0.0033939112930634,0.043427354099787,101928215,1.3622366301097277
331.946567930146,1.61650640869902,0.467708825520258,3.45622387369084,0.0005478001418645,0.0120045492382082,80270,1.9206541427318327
591.445253499312,2.09038656397426,0.707644132211466,2.95400819256647,0.0031367567840783,0.041106707469285,3687,1.3860873075832134
255.480103818207,1.24211716130275,0.329814355355025,3.7661100589927,0.0001658107228227,0.0051479229345856,10308,2.288367963192425
62.4243079280176,2.61382420730344,0.780080463074432,3.35071102409347,0.0008060436869673,0.0158788301155205,64127,1.7991814976954357
89.3055945228581,2.60545316589726,0.700600804478721,3.71888406242387,0.0002001048645954,0.0058654851444879,6299,2.231696060810126
39.1850202729271,-3.66976405143734,0.709958567887702,-5.1689833990676,2.35370802141448e-07,3.79995127051018e-05,643714,4.420221972615882
34.1713187597346,-2.67534620435075,0.638753327330906,-4.18838711264324,2.80943998502447e-05,0.0013927810996828,105371264,2.856117135313442
1277.03031479355,2.62237536585056,0.648727295216572,4.04233856843514,5.29207454096633e-05,0.0021915976029873,4313,2.659239183237309
7.51209100738324,-4.56844298625359,1.32846707135441,-3.43888311932032,0.0005841193673402,0.0125651087236679,4504,1.9008337491816532
309.832667788444,-2.63491056470531,0.733445618309855,-3.59250979067429,0.0003275083451382,0.0083555061139277,4499,2.078027238669586
381.445628044724,-2.45726253716457,0.770541401619844,-3.18900779633499,0.0014276202730953,0.0238944194025818,4494,1.6217035176988825
1624.2405475715,1.06147152724306,0.271663360354167,3.90730470925199,9.3331422640884e-05,0.0033777475461889,84166,2.4713728128450074
357.284111335411,3.42393100065758,0.850044591344545,4.02794281090811,5.62670252639276e-05,0.0023084085489769,6376,2.6366873259910744
188.111522401121,2.84213585829733,0.634767764550186,4.47744201426382,7.55427367965549e-06,0.0005202155830584,3801,3.2838166426535813
275.539831491854,2.24323044369106,0.659071866475771,3.40362039072643,0.0006649910096689,0.0137030657420383,1009,1.8631822586902878
219.196318863815,2.63158979630806,0.816855062593282,3.22161166260451,0.0012747178006271,0.0222295724472232,1003,1.6530688902293653
153.324033120333,1.34406569081417,0.323926009854325,4.14929845065116,3.33495772825272e-05,0.0015806628773931,123920,2.8011607461967927
15899.0584120816,-1.61275838197654,0.556169343601836,-2.89976137759063,0.0037344683991527,0.0464139646632515,8824,1.3333513327265951
224.119399218777,1.78320935358517,0.495976712499241,3.59534895217062,0.0003239570494266,0.0082964530565709,6560,2.0811075398161885
191.62777812505,4.1291732163939,1.23634142581896,3.33983245255953,0.0008382894809188,0.0162659644349188,1001,1.7887201816077016
60.0252143727801,-2.27862294300415,0.514958244490599,-4.42486933141187,9.65006758552244e-06,0.0006173951908818,146456,3.209436757720187
578.513157485986,-1.05789565177301,0.361984533263365,-2.92248854456808,0.0034724639441462,0.0440776826816843,440348,1.355781245939661
425.167367282422,1.84105345437029,0.607641634694189,3.02983427937233,0.0024468795912997,0.0346096966147907,197259,1.4608022076720606
166.020261377543,-2.29214767133889,0.750024487961716,-3.05609711166642,0.0022423861532589,0.032523404954228,4166,1.487803993354029
1537.93036734044,-1.68353112957492,0.587019401965521,-2.86793098139166,0.0041316565336591,0.0498238123949962,23563,1.3025630443875702
105.230192092798,1.1966502836247,0.355392956512586,3.36711873911976,0.0007595797565051,0.0151952717020117,124359,1.8182915300276417
152.057876410407,-1.55529271197146,0.475932906573225,-3.26788228023518,0.0010835542433553,0.0197806081616064,53630,1.7037603600002411
133.469082052287,3.22913133236285,0.785840003562636,4.1091460319193,3.97124905176027e-05,0.0018071222158991,1012,2.743012475056271
206.771097114853,2.07894168273641,0.584928327547945,3.55418191396451,0.0003791568538219,0.0093216634626889,83716,2.0305065803280686
214.553960963193,2.29810587080861,0.533663915387758,4.30627929778392,1.66023412329995e-05,0.0009297761018426,2294,3.0316216207376483
67.0345525341313,1.65602235337056,0.521152459911258,3.17761592001801,0.001484913167963,0.0245485844927646,2300,1.6099735448731793
231.487514269503,2.92407951188647,0.53127518756974,5.50388871963389,3.71504093428019e-08,9.24955673577111e-06,8140,5.033879079349756
55.1290054032693,2.99466003021969,0.795888031181024,3.76266498916423,0.0001681123305659,0.0052084577378497,84627,2.2832908554139992
400.202558050204,4.01680785609662,0.884440690189382,4.54163620088139,5.58193052384052e-06,0.0004209875703473,8447,3.3757307265141385
177.095007439422,1.39571116383656,0.437769966323886,3.18822959819939,0.0014314682419741,0.0238944194025818,359845,1.6217035176988825
252.988262736761,-1.23605629910466,0.39747925912685,-3.10973785605801,0.0018725345058293,0.0287419601020954,7442,1.5414836178128999
396.581662441646,2.3617588333865,0.544047995473045,4.34108544289914,1.4178057258444e-05,0.0008253226851992,124976,3.083376217508571
183.094817269182,-2.52882315491961,0.647465178377637,-3.9057284304557,9.39419674592584e-05,0.0033879768892592,9032,2.4700595608269964
47.2319439386764,2.58499774860906,0.788757038691743,3.27730545884778,0.0010480292318638,0.0193026061287578,55065,1.714384051047732
1083.47986672489,2.05034696358974,0.466493064219812,4.39523568698464,1.10652629908703e-05,0.0006866776567757,54739,3.163247083517237
36.2155405314296,4.43611235962629,1.08744209199173,4.07940100194323,4.51518928270312e-05,0.0019756539046359,247,2.7042891328614984
8.91798522057861,-2.06989917424302,0.709605001400052,-2.91697376731999,0.0035344549750638,0.044709970876024,242,1.3495956130303397
85.9664845175649,2.44633436612917,0.778475273999972,3.14246893618005,0.0016752948861896,0.0265490558459421,22899,1.5759509189587226
85.3682872722269,2.23751475074704,0.561332643364424,3.98607630822286,6.71749158036689e-05,0.0026441326382529,9953,2.5777167630228206
389.730378475246,1.56342758200194,0.437715044862773,3.57179311141131,0.0003545454485633,0.0088061078059632,5376,2.0552160021324157
164.05097851384,1.4972593476397,0.445293238747549,3.36241204077331,0.0007726473719116,0.015367428239225,51393,1.8133988062130504
28.3823377061706,2.85417736320212,0.798191519157236,3.57580517294356,0.0003491516122701,0.0087110276615115,55244,2.0599306071741212
9207.39791955553,5.67208002387857,1.10999397337933,5.11000974771978,3.22142191065881e-07,4.77346780165136e-05,4843,4.321166002524511
697.523231070235,-3.5744214598658,0.881343263925685,-4.05565187387328,4.9994674881443e-05,0.0021206283884189,9058,2.6735354290783793
168.890990457353,1.73500768863107,0.573391293921813,3.02587030361792,0.0024791862068286,0.0348994434360455,83871,1.4571814989600644
190.427076842733,1.71895451108366,0.573165079996429,2.99905659133031,0.0027081699949179,0.0372103277559699,2123,1.4293365046094189
197.55046633528,3.99855908171273,0.845502726101314,4.72920897623882,2.25396290340184e-06,0.0002146928561082,6347,3.6681824064459407
438.013781892657,2.1118804578087,0.424351187263755,4.97672805259778,6.46680759376787e-07,7.90748987723154e-05,162394,4.101961355373707
289.974390740555,1.75308406063851,0.523945065022995,3.34593104825136,0.0008200678568239,0.0160842739500189,91607,1.793598538530559
56.5021155928643,1.81581922971962,0.600048681447101,3.02611985637652,0.0024771408834536,0.0348944215109546,55106,1.4572439971283757
1307.71109326725,-2.71818403646829,0.466756975120706,-5.82355311512024,5.7609493708562704e-09,2.20462997682861e-06,79148,5.656664291686641
7.58901966961113,-4.42978441540421,1.2182484605001,-3.63619126888594,0.00027669891193,0.0074170305296159,107985067,2.129769933362962
445.975047138307,3.87370277780725,1.07123013298092,3.61612566575949,0.0002990452435639,0.0078126042455747,6362,2.107204174706965
13.7871398143895,2.45709382941145,0.79381096619426,3.09531353691347,0.0019660494697106,0.0296722971480585,102724850,1.5276488304911227
85.9648387775518,4.43809299899959,0.743613038595556,5.96828292223292,2.39763361040004e-09,1.05419358635993e-06,6348,5.9770796303302856
171.744961961826,4.02914067166999,0.480740503018835,8.38111339978385,5.24293561580632e-17,5.41726322503188e-13,6351,12.266220061514245
54.3343802950514,2.95439400196366,0.945979242124747,3.12310658670253,0.0017895292841975,0.0278468544111012,414062,1.5552238557526
141.416620364923,3.53788448574286,0.67095333977198,5.27292179057517,1.34268791872222e-07,2.446298215413e-05,9560,4.61149060150504
370.626924968504,-1.0622731907424,0.348809579785907,-3.04542435845485,0.002323522163594,0.0333673283604383,6928,1.476678564839614
101.681217166352,2.4997269422156,0.729183504657472,3.42811778687976,0.0006077816978764,0.0130153458928675,57636,1.8855442856901607
35.8466971213453,3.50768322941309,0.981801990770344,3.57269924321591,0.0003533204710967,0.0087862425213169,100170841,2.0561968133383925
736.064610461578,-1.60881573510613,0.539701979067663,-2.98093354759485,0.0028737114403235,0.0388198203161065,2886,1.4109464791461113
259.708176398799,9.88543539135751,2.58937743751298,3.81768808523032,0.0001347080836554,0.0043537519735952,1440,2.361136315664041
3355.51823204414,-1.34517378890595,0.463023473284302,-2.90519566829821,0.0036702357727354,0.0459112725445382,51195,1.338080669520808
42.0009536847117,-1.97586274935063,0.687034769842988,-2.8759283169936,0.0040284118518344,0.0488252967261927,147093,1.3113551086923037
12.1845794905483,-3.76360622643669,0.896257413967778,-4.19924696608646,2.67804108113884e-05,0.0013497980229691,3857,2.869731212299415
399.453347477044,2.33614927448755,0.677087467452576,3.45029170791907,0.0005599811085973,0.0121739053623877,60681,1.914570078692141
3500.49164187509,1.28589128685142,0.422989569600653,3.04000708118037,0.0023657258633762,0.0338323356170723,6774,1.4706680196346373
104.143016956127,3.36548935810736,0.791079244200425,4.25430117498405,2.0970289528679e-05,0.0011111564951542,4222,2.9542247707660643
31.7383965196707,-2.15915463447223,0.572692351733347,-3.77018241633085,0.000163128268834,0.0050768760172538,4355,2.2944034424019732
166.861918275857,-1.99525496877674,0.650820308262679,-3.06575400835745,0.0021712186608303,0.0318214422879846,162417,1.497280140103714
108.655402852342,2.74946202075195,0.948223726693263,2.89959209346104,0.0037364856278034,0.0464139646632515,3690,1.3333513327265951
61.6192275037586,1.84609067580348,0.62334004874507,2.961610888824,0.0030603427093482,0.0404102121972405,30009,1.3935088690364743
64.519203272111,1.44696400528496,0.422562135706873,3.42426328110171,0.0006164686538095,0.0130740885619062,3212,1.8835885775147465
27.0346469240738,1.44767143374148,0.490073532464651,2.95398820348638,0.0031369599651131,0.041106707469285,2793,1.3860873075832134
23.1746728618537,2.84329690822297,0.977409612038355,2.909012632169,0.0036257220958433,0.0454645310137153,162466,1.3423272844888496
619.980700872518,-1.77870205476546,0.513844077522081,-3.46155990226242,0.000537054588264,0.0118560124444491,5164,1.9260613535151572
290.266440589003,-1.53542473397534,0.506698118862411,-3.03025544563402,0.0024434698021719,0.0345851393574542,201191,1.4611104700344129
2585.84769114767,2.78482480962289,0.691038338530521,4.02991361600105,5.57973542253392e-05,0.0022969169822044,1277,2.6388547012882464
173.824303467412,2.32983071446891,0.78641732790654,2.96258822357205,0.003050643723889,0.0403336868548731,162461,1.3943320778301271
9.80975668448568,2.97007563193562,0.932817363189024,3.18398407784973,0.0014526300235546,0.0241113248488012,103752589,1.617778925718945
1948.9023241083,-2.0125147572947,0.641402304758577,-3.13767933536224,0.0017029106476593,0.0268836123253474,80221,1.5705123759619422
368.926048419268,-2.29757305299207,0.695195067155031,-3.30493290522688,0.000949991390222,0.0179120183201993,1101,1.7468554752375682
394.986195042606,1.58025876037046,0.536364145267435,2.94624235104778,0.0032166026857179,0.0419905840179166,59342,1.3768480850192482
196.425713580989,2.12237349939349,0.73163576321906,2.90086079178995,0.0037213916000716,0.0463827246172988,6909,1.3336437435914523
336.339021544459,2.41581527714307,0.612294902854118,3.94550937119045,7.96305174383561e-05,0.0029810953675065,9902,2.5256241303345854
1218.55937597322,2.78963801245182,0.68375245253225,4.07989470768333,4.50561045366699e-05,0.0019756539046359,5175,2.7042891328614984
85.7540956198416,-1.85594174804567,0.453050005217035,-4.09654944636096,4.19353948722836e-05,0.001868977933931,100507002,2.72839582608429
275.568713580073,1.64697035009982,0.496731737501493,3.31561328934587,0.0009144226892582,0.0174322369681929,26207,1.7586468790629097
102.855914445542,-2.20306555631625,0.602829863659058,-3.65453951293004,0.0002576439839096,0.007080070382305,10350,2.149962425008712
209.925159786141,-2.0164259434736,0.579240074511484,-3.48115752380255,0.000499251783341,0.011238603597759,10349,1.9492876467262168
86.0172945104428,2.21344760513105,0.533171830583603,4.1514713984575,3.30344553761447e-05,0.0015702067253028,94015,2.804043166859522
200.654250493144,2.16133719803089,0.60776113538856,3.55622805108965,0.0003762175333893,0.0092774884576264,11314,2.0325695772963206
8.42313865277132,3.06559294503712,1.05428852918052,2.90773622228437,0.0036405527295661,0.0455951649433241,124599,1.3410812088655404
88.0217939775548,4.39135217971962,1.1462281486503,3.83113273294718,0.0001275546666255,0.0042394655286499,342510,2.372688891659408
45.5799762172011,2.21449261148158,0.739696845851907,2.99378403990781,0.0027554090127647,0.0376093310758146,30850,1.424704390923946
2648.61596741588,-1.79969531628462,0.537002293874422,-3.35137361015719,0.0008041173562978,0.0158592551338708,9772,1.7997172141713975
230.39176265054,2.06017258196714,0.656654367447637,3.13737741511545,0.0017046654029772,0.0268907714141418,114757,1.5703967390150906
61.9797111971693,-3.39283642462249,1.08697102443009,-3.12136786387787,0.0018001301239268,0.0279696909856751,100507351,1.553312331767818
1210.20943658074,4.94788390779209,0.628650146515988,7.87064782409344,3.5280951292770902e-15,1.82270214616278e-11,9021,10.739284295056825
12.3341511720169,3.84504192353207,0.954624562867931,4.0278053520649,5.62999229946469e-05,0.0023084085489769,101928674,2.6366873259910744
55.349235918299,-4.1309164295868,0.817720011289823,-5.05174922045865,4.37782244071975e-07,5.55016568941557e-05,100507410,4.255694051665649
186.653937359255,-2.09391886102868,0.607751198752208,-3.44535537787135,0.0005703090557718,0.012353707167218,9625,1.9082026974105493
12.0083851129122,5.95718973203286,1.60853878617037,3.70347907259098,0.0002126627323162,0.0061463991095333,147111,2.2113792427388765
333.268150956524,-1.54828709418447,0.373301089187628,-4.14755579083316,3.36043597329513e-05,0.0015854659677658,10966,2.799843075724654
28.4091213256082,-1.60706679495495,0.54324604845054,-2.95826688392611,0.0030937414300499,0.0406952047434642,105376791,1.3904567621788395
164.15322193554,1.91908104035118,0.482756608087281,3.9752558705612,7.0303629037421e-05,0.0027206451199593,84034,2.565328103753067
47.8598948533224,1.53354954568545,0.526430137831857,2.9131112287786,0.0035784711344301,0.0451459743546996,79822,1.345380969458692
320.697014184963,-2.22924652145785,0.749986463951818,-2.97238234102458,0.0029549844525952,0.0396524374758971,400643,1.4017301109997153
582.930257066936,2.18999373664997,0.572599631502891,3.82465097104924,0.000130957478739,0.0042820194590864,11031,2.36835136344171
96.4539166641546,-1.55065502532993,0.535855706395423,-2.89379212878188,0.0038062004895876,0.0469302703564015,100128893,1.32854694389202
546.965629145628,-1.44198206996525,0.431255332757048,-3.34368519166257,0.0008267349395389,0.0161297653358041,2627,1.7923719509065574
343.703290548901,-1.6457788127968,0.536485430166509,-3.06770458292968,0.0021570974927485,0.0316369195795943,91768,1.4998058094572901
99.1402681023822,1.12481354492311,0.358687317346771,3.13591668989977,0.0017131786241026,0.0270044517674156,125488,1.5685646351501652
17.6405292270327,3.92742781982391,1.11224023654726,3.53109669185848,0.0004138404362385,0.0099906689426052,284266,2.0004054318585163
9.81242454489283,-2.37915930092126,0.746167773648895,-3.18850449582772,0.0014301078603985,0.0238944194025818,105372104,1.6217035176988825
273.508361171019,2.18332178975849,0.617095136032807,3.53806352095833,0.000403073078872,0.0097879026731968,9388,2.0093103577411435
9.16328457014575,4.28620476252439,1.00105434082263,4.28169040154419,1.85478921955974e-05,0.0010135813799044,1630,2.9941413763004725
902.18156385342,1.62866482860071,0.503359661968908,3.2355886886727,0.0012139216744336,0.0214958795219971,3998,1.667644780659298
103.972349244394,1.42439421122035,0.379679464577835,3.75157032209822,0.000175730447392,0.0053719965907656,5366,2.269864271619882
894.931144763875,-2.36980438887455,0.66295642705475,-3.57460051998084,0.0003507630366079,0.0087331543994022,220441,2.0588288615848422
484.784252968107,3.06306270087533,1.02009413951072,3.00272551545538,0.002675736446752,0.0368864796124662,5268,1.4331327911769631
353.70460714698,1.27897799293809,0.376552657506884,3.39654485884143,0.0006824237078104,0.0139764974448986,5271,1.8546016505458816
499.623547918379,-1.49756443770358,0.492392025449688,-3.04140676595219,0.0023547547874304,0.0337221120459117,10194,1.47208523294527
461.674394142323,-1.23195679270378,0.353245632478114,-3.48753580917976,0.0004874936373493,0.0110461140524386,440498,1.956790476947122
65.075350010869,1.58288343423471,0.474710301387328,3.33441981269161,0.0008547754196895,0.01653926408978,10272,1.7814838181727053
1837.50289395015,1.54634547440841,0.497645877168559,3.10732097934098,0.0018879129155299,0.0288136782861339,22904,1.540401297172467
764.890784902069,-1.2147222700794,0.379545739102997,-3.20046346179574,0.0013720676462055,0.0233172515697672,7064,1.6323226416672418
119.066613727475,3.84905367862532,0.778516748301661,4.94408590055649,7.65019678618858e-07,9.13822639228826e-05,2769,4.039138086846782
12.3126994351924,4.57134653523112,1.12787324215469,4.05306763594996,5.05503799199629e-05,0.0021275429756538,100996351,2.6721216585520486
563.147244740799,-5.04003979972388,0.904061127057319,-5.57488830000799,2.4768874111073e-08,6.64738679877044e-06,84699,5.1773490497223
62.0786345987901,2.48887036603782,0.69388951220524,3.58683957929841,0.0003347100952934,0.0084972777877634,10148,2.0707201838275755
685.693464866529,1.99166674426128,0.653223998567101,3.04897975063709,0.0022961995830811,0.0330548677989322,116844,1.4807645754356762
103.547775847945,3.42824535221365,0.735965585861482,4.65815986246249,3.19048419483432e-06,0.00028418687882,10501,3.54639597773726
41.3158931325353,3.10731524555729,1.04775966580553,2.96567557138052,0.0030201890196225,0.040095317128365,8744,1.3969063471820624
104.642301862262,1.69725655674747,0.538306310147968,3.15295682913494,0.0016162570755366,0.0259592609901058,30835,1.585707675218643
450.915833029959,3.6744351676249,1.04467139575189,3.51731193422816,0.0004359411473218,0.0102956843536063,51129,1.9873447805547533
488.09820220213,1.56840914452956,0.511261200418586,3.06772574027806,0.0021569447869695,0.0316369195795943,4542,1.4998058094572901
273.584336287021,1.85048495220627,0.318661376111217,5.80705755679793,6.35802847334099e-09,2.26532169657917e-06,50509,5.6448701154486844
1112.03907433998,3.98588078735821,0.616543039525644,6.4648865234532,1.01374854209814e-10,9.10831027063397e-08,3383,7.040562183751985
13.1039284524931,3.0897508146017,0.839188163847192,3.68183316651772,0.0002315629289055,0.0065372239423961,53637,2.184606637371388
1408.24352218851,2.50959748960793,0.780832808683972,3.21400107897317,0.0013089918141302,0.0225912738511658,54,1.6460592798837794
304.649639914672,-1.01706647464806,0.272810358682171,-3.72810797786811,0.0001929227213518,0.0057490427801761,113230,2.240404459639764
18.4996137950691,2.87268340952085,0.830234078166185,3.46008852812452,0.0005399978239339,0.0118966471552184,84658,1.9245754190409365
148.516415395897,3.57624016226078,0.58248006099652,6.1396782512048,8.26887908526771e-10,4.27190965742643e-07,30817,6.369377940365281
104.923805640933,2.13845124751039,0.63963987027497,3.34321130824929,0.0008281481258789,0.0161297653358041,85360,1.7923719509065574
305.301366131237,2.16587644268702,0.497962270020929,4.34947901293001,1.36461342192198e-05,0.0008011288739777,10365,3.0962976153073054
48.8697632344906,1.2357186839867,0.417767873663593,2.95790739759409,0.0030973515647329,0.0407167748633624,79575,1.3902266293578414
1041.83629416481,2.34196496905991,0.628451536345471,3.7265641558914,0.0001941076816541,0.0057532220140099,83483,2.24008886644052
719.763703222186,2.43527024027467,0.560838303436989,4.34219671757544,1.41065138624559e-05,0.0008234777089481,684,3.084348152428486
63.4438487694429,2.37057074584127,0.677592256907676,3.49852100828281,0.0004678462308468,0.0107065806870993,105221694,1.9703492057159078
28.8450298722819,2.56041918231601,0.809886097376926,3.16145590177279,0.0015698258611663,0.0255439123179556,23025,1.5927125852254782
2324.20917847748,2.85758623924914,0.653307025767809,4.37403261642673,1.21972143099459e-05,0.0007327192840553,10437,3.1350623783414417
169.030849323778,-3.23244348946295,0.708269968795043,-4.56385789582778,5.02220793889454e-06,0.0003961218589971,80726,3.40217119147633
18.8756828410238,-2.06529048283323,0.646299901010893,-3.19556057428271,0.001395594842814,0.0235813306841807,404037,1.6274316915017033
41.0786219750687,-1.33006213268153,0.384577222807902,-3.4585047002274,0.0005431827949117,0.0119430250275299,107985285,1.9228856575977098
167.266775725628,-2.04923112355051,0.386932233479478,-5.29609824728959,1.18303203981051e-07,2.21544470066305e-05,104472717,4.654539085847499
18.5539551566871,-7.9943685938506,1.39978498713575,-5.71114040179037,1.12221612658284e-08,3.56778403935915e-06,105372337,5.447601441670684
123.225119263481,1.612588569042,0.518585746116546,3.1095890720444,0.0018734778735796,0.0287419601020954,79156,1.5414836178128999
399.333934428347,1.48550363673952,0.444197864335699,3.34423858376965,0.0008250874790104,0.0161296808096215,57655,1.7923742267828706
31738.7201040979,-1.47563815448864,0.508467141295559,-2.90213080579555,0.003706337454325,0.0462508837521908,5349,1.3348799644377498
482.827925236517,-3.24076677127512,0.723903800372518,-4.47679204005757,7.57729932255461e-06,0.0005202155830584,163175,3.2838166426535813
63.4258151152359,-2.09895275846612,0.463082652465106,-4.53256615701941,5.82714172466859e-06,0.0004351693076572,5348,3.3613417428713808
77.1433478484025,4.6681609173004,0.983239053195771,4.74773749285864,2.05704778940637e-06,0.0002024232979432,2867,3.6937395037597436
79.4473178896876,1.2780304597828,0.421614211585849,3.03127936550253,0.0024351982099469,0.0345153436272654,10870,1.4619877985126066
287.164522078717,2.52800122039208,0.618376539696065,4.08812601725577,4.34871915834516e-05,0.001920219688188,7305,2.7166490817601017
13.90399391788,3.12123092113698,0.943564792693039,3.30791371753989,0.0009399376382226,0.0177873729797362,399473,1.7498881882089452
329.063845790969,1.74883431593888,0.58645540809423,2.98204141662189,0.0028633326025717,0.0387243247592577,64857,1.4120161463482288
291.562912331988,-3.63895683220866,0.949428963760533,-3.83278472756439,0.0001267008210753,0.0042250515180954,1556,2.3741679911194624
1529.24320933063,-1.91463263806668,0.640300432906356,-2.9902098135028,0.0027878588074813,0.0379269929273217,29785,1.4210515893257187
221.728666411882,1.65356103832629,0.552581020053711,2.99243183952566,0.0027676446177351,0.0377265013360799,558,1.4233534683449207
27.3885308676484,-2.16115616288234,0.743091855629744,-2.90832976637974,0.0036336494795523,0.0455363047270769,84518,1.3416422153052885
416.613953358872,-1.85431017242527,0.583848111123416,-3.17601468103971,0.0014931339460457,0.0245816591834511,653583,1.6093888069703741
109.873853095169,-3.2906777366622,0.877795327106873,-3.74879842150442,0.0001776838248758,0.0054156876711779,105372412,2.26634638985379
215.415404918329,5.17016505470189,0.957410577894149,5.40015451476817,6.65835229433149e-08,1.36232524913228e-05,284348,4.865719194155848
1861.99179496485,2.63065127563245,0.680673606506704,3.86477637811353,0.0001111910230619,0.0038488483945972,348,2.414669195345156
171.710691286686,2.27267461731117,0.702302271426351,3.2360348382406,0.0012120259063237,0.021480716427255,341,1.667951238092832
11.7576024618338,2.38547033858695,0.813734030607211,2.93151109436446,0.0033731731758375,0.0432986891262532,100533990,1.363525251772559
45.4943517372324,2.27716699693261,0.710249348371177,3.20615147645663,0.001345231537778,0.023050754335144,90332,1.6373148577697743
53.1450834400919,1.30681978265414,0.411518279956461,3.17560566882327,0.0014952405319911,0.0245816591834511,6253,1.6093888069703741
35.8712417636056,3.94728557544541,1.05201577890199,3.75211632240465,0.000175348065637,0.0053682485576136,2828,2.2701673839156427
55.4490011347464,6.17562855330847,1.30285901008219,4.74005898222163,2.13656014219276e-06,0.000209251257528,27202,3.6793319233665773
341.562198083613,2.55532506224086,0.811574667383862,3.1486013116674,0.0016405384611432,0.0262194333329657,30846,1.5813766987262348
10.0852585742169,2.41383366493262,0.740124144930394,3.26139024306475,0.0011086734385139,0.0200971373744659,2906,1.6968657988487144
56.1659341664562,2.27995189563791,0.725057302275956,3.14451270055641,0.001663636898316,0.0264048053023814,54922,1.5783170304634295
154.622314859143,2.35393192425498,0.439288509321793,5.3585101233109,8.39110357745297e-08,1.65144909931491e-05,259307,4.782134807517422
36.9381422699785,3.65324680906907,1.0668780851242,3.42424018264821,0.000616521057637,0.0130740885619062,5655,1.8835885775147465
32.1647083956651,2.07881392571549,0.523687328763521,3.96957079451165,7.20022122380569e-05,0.002770811389012,27180,2.5573930359280452
28.7573568383124,2.35490264131518,0.736747189527031,3.19635103437172,0.0013917767260677,0.023570924466726,27036,1.627623383834423
6.8144037950847,3.02203586233722,0.952635550991477,3.17228961190035,0.0015124209917106,0.0248246066669577,101928517,1.6051176239493228
75.2874382265984,2.53431819031741,0.743791827561593,3.4072950204707,0.0006561016841775,0.0135898607200059,89858,1.866784994249319
33.8918641267748,2.7381239896625,0.814246852678401,3.36276889576626,0.0007716493390837,0.015367428239225,100049587,1.8133988062130504
148.405543763812,4.71729011720402,1.06193627104095,4.44215933276293,8.90605698537398e-06,0.0005889088879521,2357,3.2299518911559226
41.2634252570062,5.15540252551253,1.12437562945162,4.58512474877004,4.53715457946427e-06,0.0003634120131187,2358,3.4396007205477166
231.05833532848,2.84012127707012,0.773812586423417,3.67029604700182,0.0002422697117336,0.00675708801944,2359,2.170240423814685
38.4028947156704,3.38546368471037,0.808419170337064,4.18775779809727,2.81723929188215e-05,0.0013927810996828,126014,2.856117135313442
118.644481950424,3.9567088394856,0.724169539453374,5.4637879997994,4.66080120153066e-08,1.07017174255146e-05,11025,4.970546520579099
44.0894480508185,3.39221309244734,1.03521770281567,3.27681132501978,0.0010498649931801,0.019319198650105,79168,1.7140108918467807
137.358386553939,4.00688491690404,0.71292035213134,5.62038228383451,1.90535379488363e-08,5.46863002378753e-06,10288,5.26212145751084
37.327700074495,3.7469354916121,1.06285490660447,3.52534994977117,0.000422923693701,0.0100920532682827,353514,1.9960204658377583
221.037195750763,1.45747786212444,0.500383293137288,2.91272287087442,0.0035829242018773,0.0451745751261714,3903,1.3451059233542355
17.5382759242527,3.10614373728958,0.903450963138418,3.43808780334843,0.0005858377048912,0.012584549034905,11024,1.9001623427029368
278.450183657478,3.385887315299,0.804644533105579,4.20792931038871,2.57721456005243e-05,0.0013053465412618,11006,2.88427417723098
12.8728906074838,-2.48144801783205,0.856371259283613,-2.89763112777498,0.0037599252424969,0.0465684641474097,51206,1.331908085092909
947.766966676929,-2.08596336390409,0.64713912065354,-3.22336155755426,0.0012669552504985,0.0221474969902156,284417,1.6546753486626524
277.182424248211,6.58818682743339,1.7118716456951,3.84852850621186,0.0001188294710351,0.0040454876753561,3589,2.393029117574604
30.8510720765754,2.10815175733114,0.729078545925412,2.8915289979563,0.0038337221158962,0.0471889952233614,284759,1.326159269819487
99.8544883986284,1.33341787345911,0.464435685846789,2.87104956422101,0.0040911137289583,0.0494692014095521,55423,1.3056651004752007
43.9389799727826,1.89085196835358,0.639154691952881,2.95836358890873,0.003092770927201,0.0406952047434642,57593,1.3904567621788395
86.7843871006428,3.23979817802709,0.734019435045311,4.41377710636109,1.01582547230726e-05,0.0006400010178423,56265,3.1938193353240147
221.527884283491,1.50807494362424,0.486621979978637,3.09906869330161,0.0019413000385466,0.0293682029989501,11237,1.532122626562529
139.015758606613,3.02312990436743,0.766072227356994,3.94627268344846,7.93772101125072e-05,0.002979731620527,54498,2.525822850344219
405.462222245599,1.51203414656269,0.469264652722847,3.22213518062635,0.0012723908793875,0.0222077343940408,5621,1.6534957453846522
10.0693045409428,-2.65419480565802,0.731383011975962,-3.62900800565115,0.0002845124185465,0.0075668585962228,643406,2.1210843817260967
8.53477307651933,-4.81482625984096,1.24129335275649,-3.87887863021975,0.0001049390928167,0.0037006251758676,105372513,2.4317249009346202
42.5843222060207,1.72761727936036,0.563927480007243,3.06354511991182,0.0021873121787974,0.0320119023901205,23236,1.4946885160157612
14.6091700394743,2.50844521134269,0.780413172742592,3.21425278167372,0.0013078448124062,0.0225912738511658,24141,1.6460592798837794
6.41678200282451,-4.26308696643666,1.1726417764008,-3.63545547517624,0.0002774899200232,0.0074182783923431,105372529,2.1296968725455936
157.013825166002,2.94443061595353,0.755828746559578,3.8956319528149,9.79430219137548e-05,0.0034836360548153,23767,2.457967223251514
109.533544736989,3.061201211331,0.769735054089025,3.97695440147767,6.98035437444227e-05,0.002711447803531,7056,2.5667987514928265
509.901909438426,2.5106078501561,0.775600200969488,3.23698710626671,0.0012079886961442,0.021480716427255,22918,1.667951238092832
111.430084068748,1.88225558663802,0.517886959497479,3.63449118020742,0.0002785297849287,0.007436457371514,8530,2.1286339072519143
1183.04461089404,-1.72022644571252,0.37368255239008,-4.60344330959507,4.15562352187434e-06,0.0003448833738133,84532,3.462327741658076
131.617912283302,-1.63562808390534,0.365696163261486,-4.47264217736898,7.72589982307549e-06,0.0005286613239862,105372579,3.2768224607198615
7714.68159667405,-1.29960793205721,0.381835808042535,-3.40357793764705,0.0006650943595095,0.0137030657420383,5834,1.8631822586902878
305.958158029365,2.30811500677229,0.48593409472019,4.74985194875315,2.03565625855748e-06,0.0002022444066494,3055,3.6941234805680585
170.796840257679,2.16505196843641,0.596536368360234,3.62937128944498,0.0002841123485295,0.0075659557762415,10544,2.1211362015299806
6.0218275942249,-3.60510144183034,1.24500246618041,-2.89565807278325,0.0037836441675221,0.0466800040130414,128876,1.330869115290728
57.5073498108008,2.13740282764313,0.724122584765868,2.95171407798892,0.003160154025819,0.0413581905912293,6676,1.3834384697553612
922.473085052259,1.35812977122042,0.382217521840816,3.55329019109188,0.0003804445368105,0.0093260810832624,25939,2.030300813001154
1453.7255319624,-1.0976117525771,0.350078026170962,-3.13533461263596,0.0017165818979145,0.0270374732625036,10904,1.5680338970286871
3716.87658922299,4.28690081895953,0.782480642444693,5.47860303044178,4.28696936968874e-08,1.00670706846157e-05,7052,4.997096882036195
138.324446198005,2.94163283301169,0.845489493061742,3.4792068466271,0.0005029002546072,0.0113084154096388,9935,1.9465982462737652
118.78195509932,2.11749083187361,0.53169190815453,3.98255230030354,6.81791149363295e-05,0.0026583422833193,100,2.575389100825061
5629.38397418758,3.69146998202816,1.02674221271959,3.59532308723372,0.0003239892386476,0.0082964530565709,5266,2.0811075398161885
123.556915946291,-2.54955893693144,0.858243621640135,-2.97067041647119,0.0029715048955362,0.0397965966728816,7125,1.4001540663530871
702.782784103738,-1.31174418582923,0.421537576901727,-3.1118084311023,0.0018594511997975,0.0286117342098407,10005,1.5434558180095337
131.133378765262,-1.16123730470003,0.39580070645261,-2.93389396675841,0.0033473854069243,0.0430729361617456,140831,1.3657955225865734
861.084183166912,3.27732756956446,1.04205881238002,3.14505048143987,0.001660581731106,0.0263765730002361,4318,1.5787816312221352
220.071525105251,3.31573235939207,1.08002600600728,3.07004862933802,0.0021402391995779,0.0315014551704263,109729184,1.5016693840551754
346.500260273535,2.19957482813258,0.75916865970696,2.8973467226395,0.0037633358396406,0.0465684641474097,958,1.331908085092909
19.142218325172,-1.58204244010504,0.540694469143329,-2.92594529885171,0.0034341131412449,0.043725168246351,5740,1.3592685107613212
26.4021913726898,3.75941238494104,0.835871393248775,4.49759665817652,6.87259191679762e-06,0.0004965808110511,6615,3.304010066528603
182.553321998886,1.87141678116278,0.512324718922428,3.65279423780083,0.0002594020895452,0.007101769776987,101927559,2.148633410632653
366.556877834552,1.94292300872312,0.540701169503694,3.59333975642501,0.0003264664521801,0.0083463590817187,1051,2.078502934762782
37.6680020196903,3.86594018702276,0.758983821917839,5.09357390155445,3.5137599407479e-07,4.97341432709283e-05,100506115,4.303345358890708
378.135039550143,3.569973884726,0.924651002032295,3.86088792082584,0.0001129757208316,0.0039040857374362,140876,2.408480653380712
37.1142694738773,2.31623131303854,0.744723611970698,3.11018917059618,0.001869675606462,0.0287262798569058,128553,1.5417206128604106
36.5979505503128,6.18813416228949,2.10262320232105,2.9430542550175,0.0032499145708302,0.0423047651532668,1591,1.3736107115088092
34.7070856750199,2.70712077334811,0.469501862494499,5.76594256509436,8.12027122182025e-09,2.84415940337145e-06,57091,5.546046066850637
144.00655731342,2.93952616370316,1.00423858139144,2.92711933017974,0.0034211758740956,0.0436141884257785,655,1.3603722044786566
9424.07249728157,-3.36068009733276,1.0135531472868,-3.31574136623128,0.000914003745529,0.0174322369681929,5105,1.7586468790629097
631.796616674506,3.129174022752,0.759204333741992,4.12164931584205,3.7616953093188e-05,0.0017198104771476,81030,2.7645194096413057
1586.38444479173,-1.92940086402425,0.591797464781468,-3.26023847489229,0.0011131857413044,0.0201612474531607,1908,1.6954825999416245
776.784156009914,2.26197153494803,0.738430824649906,3.06321385760195,0.0021897350960202,0.0320246820659996,3911,1.4945151731419766
35.5374419121769,-1.57679621080915,0.504652603063469,-3.12451813631256,0.0017809654249638,0.0277553925391238,105372709,1.5566526261462126
8.83847212522508,-3.45290637855799,0.876915778268677,-3.93755759005178,8.23151800911177e-05,0.0030628579696979,253868,2.5138731417525584
913.793155889149,1.44372848613702,0.476049364689904,3.03272852192012,0.0024235351999825,0.034397221777225,85441,1.4634766334617795
735.798422675901,2.17056771108032,0.660315146478031,3.28716935035888,0.0010119995489795,0.0187964130227278,100533107,1.725925020580303
369.731409834383,3.4369453612227,0.909753875909256,3.77788482383506,0.0001581659917588,0.0049597878902825,8771,2.304536896100447
52.9164880832691,2.82104182115419,0.741070585211993,3.80671136791538,0.0001408269381744,0.0045119204300395,54345,2.3456385679563367
4.47492056515287,3.05075159615324,1.0369978399609,2.94190737780927,0.0032619747668666,0.0423954141869808,107985506,1.3726811174874183
164.368926531523,1.66752289674207,0.560683570603613,2.97408910153524,0.0029385973157826,0.0395095078273569,102724428,1.4032983803209425
2406.05706232665,-2.55016776164854,0.859885775428325,-2.96570525355912,0.0030198975747319,0.040095317128365,109864280,1.3969063471820624
4276.29483827088,-2.56721147221584,0.854706520823037,-3.00361751042189,0.0026679049798617,0.0368039094852083,109910380,1.434106046063654
56.7755992391529,-2.75998646283454,0.938529322917101,-2.94075677279433,0.0032741151223086,0.042499741835747,109910381,1.3716137080591246
12998.4307356311,-2.63622702959343,0.873911754739008,-3.01658264155142,0.0025564152273196,0.035718945688006,106631781,1.4471013686143634
10.0326396248504,-4.68948313785201,1.55577597983983,-3.01424060958622,0.0025762340287403,0.0358927084247677,103504731,1.4449937690406602
240.642742271997,1.29003414215866,0.337610674858516,3.82107035774055,0.0001328737350994,0.0043038177677587,6782,2.366146125848248
163.451804573374,1.7709883018868,0.436182442821678,4.06020079678178,4.90305315663106e-05,0.002097755558629,64092,2.6782451194424914
28.6093871288231,2.41260943562519,0.71244114883253,3.38639821629999,0.0007081654079051,0.0143192154152258,11096,1.844080777431296
4.04185377093347,-5.85825526550249,1.80720531335521,-3.24161024882458,0.0011885645080104,0.0212471328356709,266919,1.6726996669152465
1290.05772533319,-5.62943115446753,0.927691533041971,-6.06821443762476,1.2934013836100501e-09,6.21584641681435e-07,9073,6.206499724766032
45.8950241767078,-4.97234329104524,1.19599459396047,-4.15749646039754,3.2175425931832e-05,0.0015479991955562,337959,2.8102292693414945
717.22311131832,-1.22226496773873,0.397146503150516,-3.07761734786192,0.0020866266464674,0.0309326683280128,6453,1.5095826150712397
454.450803581161,1.11848733076502,0.364405034651686,3.06935202427738,0.0021452364977068,0.0315451433953154,861,1.5010674940734148
70.7226927094114,2.38620084514855,0.772331379564418,3.08960752895257,0.002004211426256,0.0300426537782858,874,1.5222617071418707
15.2425344588302,6.30140032657593,1.38046762009397,4.56468535361008,5.00244052443541e-06,0.0003961218589971,23562,3.40217119147633
39.2972907570973,5.66975843830721,1.2911779797778,4.39115174445813,1.12751814652782e-05,0.0006931700652806,3772,3.1591602006669537
88.3964657543953,1.97710213667872,0.688859791065786,2.87010820245409,0.0041033135937264,0.0495877049206769,2078,1.3046259917966372
11.8923193186133,3.52845530489137,0.999819626140215,3.52909186081184,0.0004169883591341,0.0100198423738466,400866,1.9991391104754674
6433.62561467239,-1.95123151109771,0.670384608465725,-2.91061502077649,0.0036071817007816,0.0453973263377908,10317,1.342969724035765
1517.47549352449,2.4157606159486,0.613238077873932,3.93935194683919,8.17020023832482e-05,0.003047602670126,25825,2.516041654596178
320.370348193299,7.91252737603946,1.94906421773828,4.05965452755644,4.91453749993298e-05,0.0020983247404156,54097,2.678127298765565
149.678788332215,1.77632169586133,0.590764647300327,3.00681786558954,0.0026399788593142,0.036491747911525,4600,1.4378053339455825
653.572619855414,1.24286414509638,0.32088505989085,3.87323780521021,0.0001073989399287,0.0037680799552239,4599,2.423879890448128
6.66482382668902,-3.86808800762033,1.32083960733152,-2.92850697855358,0.0034059418691371,0.043511555624528,107985478,1.3613953895394761
8.64038031648647,-2.90291558260238,0.94879129989825,-3.05959338256337,0.0022163767966133,0.0323456401850387,150135,1.4901842488803236
26.3055074370017,-1.9454449637746,0.636581056767253,-3.05608365673674,0.0022424867847526,0.032523404954228,102724800,1.487803993354029
9.75670835487939,4.40729606182312,1.11374309843591,3.95719270270902,7.58357516320424e-05,0.0028649831946547,101928399,2.5428779211626074
870.434232522628,2.21293086146348,0.725034969899518,3.0521712101282,0.0022719247435554,0.032864695484538,3689,1.4832703874212672
566.763193346506,2.09196697596425,0.61474297889674,3.40299449978045,0.0006665162228404,0.0137050325820876,80781,1.863119927639694
41.2687703522271,2.42619249247294,0.728760994552719,3.32920190653456,0.000870952408444,0.0167893950750897,54039,1.7749649512879961
568.714214415419,1.9653613460311,0.662185623070409,2.96799156846407,0.0029975255297344,0.0400029461119478,51816,1.397908022845896
2182.94687781644,-1.44029959932747,0.446226611407125,-3.22773129730127,0.0012477612072489,0.0219270672233275,57553,1.6590194519476742
6027.64737205839,-1.8338376546803,0.588122949667161,-3.11811952877902,0.0018200897190876,0.0282060137705873,55670,1.549658286399152
122.145762254616,1.2819624377926,0.43611517507644,2.93950431229067,0.0032873769610292,0.0426183468630303,11274,1.3704034002855416
56.3756442352814,-3.01876938747711,0.559620038025443,-5.39431968542174,6.87836606898577e-08,1.39354347858422e-05,5625,4.855879476742828
1222.10132927639,-1.65738972811985,0.344607509343438,-4.8094997444414,1.51308489534294e-06,0.0001603482018577,150209,3.794935905879957
248.133070739104,1.6340496995225,0.465352510144868,3.51142341321809,0.0004457138701193,0.0103857537039535,23753,1.9835619808245584
389.497376598997,3.35799903225438,0.878367355405429,3.82300072013085,0.0001318373943888,0.0042924926999649,28784,2.367290434750076
13.6983871203365,2.83551782848674,0.929607809916082,3.05023021347325,0.0022866601606146,0.0330215459252976,102724653,1.481202598816707
209.755371824286,2.23607426759436,0.71930498480201,3.10865949053564,0.001879381793688,0.0287592071638887,28778,1.5412230907889577
672.957300460444,2.27466841115172,0.627128507321271,3.62711690601944,0.0002866035507064,0.0076126765749993,96610,2.1184626208407136
548.33687884751,2.78170563871326,0.76357229557264,3.64301540907416,0.0002694627003273,0.00729809528475,28820,2.136790470736924
27.0143042068941,3.17204476262003,0.907682866129051,3.49466193644008,0.0004746625637473,0.0108266025163791,28773,1.9655078074447156
836.369495384768,3.07492454885257,0.977156067933046,3.14681006418645,0.0016506214714762,0.0262992233678147,28822,1.5800570763031183
504.577070520475,3.69871420100989,0.743549585551619,4.97440153673936,6.54495203710011e-07,7.95596669686317e-05,28775,4.099307043471034
144.987490617367,3.5030410087603,0.947197586855769,3.69832129787057,0.0002170300636336,0.0062377277677173,28781,2.204973583018769
575.069884794828,3.57158319311967,1.08766885319579,3.2837045784897,0.0010245225569935,0.0189711098927164,28776,1.7219072602456644
1305.56325208566,2.74247010038301,0.859346828522922,3.19134255152471,0.0014161327185904,0.0237795063754991,28825,1.623797164882253
177.683064608304,5.87860282997495,1.1049676222406,5.32015844776938,1.03676917236874e-07,2.00232102308411e-05,28810,4.698466292802144
13.0903327531798,5.36176249503597,1.36852093311734,3.91792508633572,8.93144520923983e-05,0.0032609242976844,28811,2.4866592832178243
53.1512492532009,-2.95686752543326,0.941864208732768,-3.1393777340914,0.0016930705051701,0.0267691675511411,91227,1.5723651339892757
1045.65316691419,4.43649274936067,1.00354443281724,4.42082343768892,9.83254917088075e-06,0.0006271284833834,28812,3.2026434736700122
281.768341465864,3.09942338099532,0.74791768112956,4.14407020878869,3.41195208650738e-05,0.0016061045527944,28793,2.794226186813427
1732.35003383436,3.62658058632136,0.796635545613886,4.55237103878754,5.30446767490416e-06,0.0004136483943467,28813,3.3833686571282695
270.834864250139,2.67151544388988,0.90794672971349,2.94237024757267,0.0032571024769024,0.0423587304500876,28796,1.3730570647775806
297.293653748558,3.60618207474634,1.05484636112383,3.41867992122031,0.0006292570037904,0.0132150365684248,28814,1.8789316307582922
10.1704551828582,5.72173125874451,1.23089382033033,4.64843609110734,3.34461214186858e-06,0.0002928661436937,28799,3.533330831312133
2833.11341164431,3.96895586938879,0.692589911110582,5.73060018016214,1.00075901604373e-08,3.28264842326089e-06,28815,5.483775628392811
1890.12226175234,4.16724351562261,0.812522729202628,5.12877162182546,2.91638879754545e-07,4.36718655806354e-05,28816,4.359798255432223
70.0543986971289,3.36019240811517,0.902625985692775,3.7226852111245,0.0001971152161221,0.0057942901012302,28804,2.236999764877946
773.29578028456,4.30986117268778,1.07840823529556,3.99650246690353,6.4285212110512e-05,0.0025449308587427,723778,2.594324012177679
1559.5133520995,4.62203025498919,0.964766963814701,4.79082558622615,1.66096462330985e-06,0.0001733526966701,28817,3.7610693980812235
67.1003098833803,5.63349195412915,1.42053208800218,3.96576184495207,7.31618854722233e-05,0.0028049913975575,28818,2.5520684663147852
155.292480338105,2.77253887202796,0.820870094205895,3.3775610679423,0.0007313171257085,0.0147010393023026,102724638,1.83265196135387
384.559777258625,3.51706472936085,0.822699142812147,4.27503147425052,1.91110294687894e-05,0.0010365601679069,28809,2.9844054838918233
6459.69917970951,3.01387356035165,0.6455118651505,4.66896694400647,3.02718076810412e-06,0.0002719856111863,100423062,3.565454070773458
828.148944973845,3.14560979145179,0.609576622387043,5.16031894257015,2.46529484155265e-07,3.91887060774504e-05,28833,4.4068390757079205
6348.53873420513,3.01472632400932,0.652379014930751,4.62112706726062,3.81660912159026e-06,0.0003232386372855,3537,3.490476732807788
3916.52038237833,3.06939115823991,0.742306531299295,4.13493756126247,3.5505115554734e-05,0.0016487937369406,28832,2.782833670923957
28063.2933606801,3.45320120910872,0.770397770297621,4.48236137518243,7.38215960804513e-06,0.0005153794875008,3538,3.2878728706948777
1281.731581876,3.51437185687934,0.889179446166458,3.95237639829727,7.73788997628808e-05,0.0029126319919853,28831,2.5357143845609507
10402.1556960357,2.66151710184627,0.730231115301759,3.64475992062653,0.0002676415261781,0.0072678214697384,3539,2.138595749451477
292.238730114611,3.55084561152517,0.847899966775772,4.18781194794432,2.81656738605543e-05,0.0013927810996828,3541,2.856117135313442
508.002087353565,4.28336499088569,0.982570154417482,4.3593477489911,1.30450675074236e-05,0.0007702180572597,3542,3.1133863038432303
411.194747031999,3.24004581186947,0.916842199766133,3.53391871872383,0.0004094469731936,0.0099269912545664,28834,2.0031823607230055
32.6243630372418,-3.67395079158547,1.04338124508994,-3.5211968864447,0.000429603510436,0.010216060463936,107985554,1.9907165453574005
27.331599919109,-1.45409246109641,0.415809647453602,-3.49701472777556,0.0004704958564042,0.0107553062749936,51233,1.9683772178524592
323.584565134471,2.39281847913838,0.688921493758596,3.47328179018442,0.0005141352452464,0.0115234325846176,91319,1.9384181345843037
245.333368418598,2.55294288628697,0.678747038560807,3.76125823208032,0.0001690607812789,0.0052221839239603,2687,2.282147836504954
1595.05697754853,-1.45488644780876,0.437413530787395,-3.32611212366888,0.0008806649514799,0.016929247648682,23384,1.7713623419079645
1068.31006609601,-2.75915520007104,0.686102064242048,-4.02149380372312,5.78302295293743e-05,0.0023478618727397,2678,2.629327456688261
37.1259073959335,-2.58403125991033,0.642975318896809,-4.01886539648816,5.84790652837957e-05,0.0023695487923326,1415,2.6253343441400863
226.012352321242,1.42573068365516,0.301476230544644,4.72916448862138,2.25445680016937e-06,0.0002146928561082,8459,3.6681824064459407
2642.29234419166,2.1778275263501,0.445357552368551,4.89006533013245,1.00802516765922e-06,0.0001150875143076,7494,3.9389717898492664
105.378103882006,1.27956015527743,0.414106763143736,3.08992817592138,0.0020020490305608,0.0300426537782858,129080,1.5222617071418707
109.42967708705,7.17077068914817,1.3412818605089,5.34620716217508,8.981640527678e-08,1.75099624060817e-05,5008,4.756714786346525
130.801449512922,-3.02398065247827,0.457237809224817,-6.61358398511489,3.7512501255531695e-11,4.30664354691979e-08,9514,7.365861072516969
626.488049622513,-1.94181746902498,0.595266376647153,-3.2620983566421,0.0011059076509968,0.0200822333988133,27124,1.6971879897918098
502.617265148838,2.68120574776155,0.516725497698662,5.18883964445885,2.1160851712919e-07,3.5843360708809e-05,80833,4.445591277222382
83.5917969488769,3.14492642415515,0.696635939927818,4.51444756709081,6.34820251350549e-06,0.0004651971806439,80832,3.3323629260040084
2464.050364975,2.96543666697136,0.843303424408354,3.5164527750517,0.0004373544544768,0.0103055071855917,8542,1.9869306295535267
493.654855689714,2.66956385904982,0.620787082294801,4.30028899631982,1.70575517156682e-05,0.0009501194237312,1439,3.0222218033345376
50.5492745158229,-2.83068685163562,0.714772347383961,-3.96026351886138,7.48671007924241e-05,0.0028335689338378,112268295,2.5476662175659066
384.666386614515,1.52528016216302,0.491226744496576,3.10504299542194,0.0019025136718869,0.0289840292883596,3560,1.5378412401187538
578.286777484471,-1.44706957716152,0.400077276718873,-3.61697517296977,0.0002980658806716,0.0078067571914818,3957,2.107529328005554
369.338274256202,1.77913808302958,0.558015526473382,3.18833078762809,0.0014309673487626,0.0238944194025818,11015,1.6217035176988825
13.1875148126144,-3.58721618735766,0.961048319990687,-3.73260752112071,0.0001895077597663,0.0056670887633182,105373032,2.2466399849732226
8.62907994282695,-3.99392903973119,1.11573915279219,-3.57962614266623,0.0003440861232342,0.0086397809679646,105373033,2.063497267429683
587.463141465953,-5.54057179201339,0.875094558409673,-6.33139783440361,2.42950016513505e-10,1.87799441406932e-07,9582,6.726305703839066
251.211398697522,-5.43337454767787,0.996578451848989,-5.45202892717289,4.97983528251771e-08,1.11856843601335e-05,100874530,4.951337439842954
171.883246169245,1.94422688994892,0.527747259629407,3.68401134155426,0.0002295920183786,0.0065082565977972,60489,2.1865353326850037
16.7013370885938,2.56157160126774,0.613072994629757,4.17824895845348,2.93762002399285e-05,0.0014453789951383,164668,2.8400182609240967
112.242310376178,3.60905939301415,0.768306192653448,4.69742327671444,2.63464100438801e-06,0.0002430573944449,5155,3.6142911620086235
5.33449453265462,3.83537849487445,1.24231557832404,3.08728197713547,0.0020199588645757,0.0301825379150097,2847,1.5202442451388483
724.867710499187,-1.66025174940797,0.521176068988222,-3.18558707546007,0.0014446062349616,0.0240304685558735,7008,1.6192377610626654
1096.14649086276,-1.68242503662713,0.56157743607235,-2.99589144534358,0.0027364382993982,0.0374245515930276,5372,1.4268433945077
102.524567510121,1.90006726892146,0.554528081535643,3.42645815818676,0.0006115079675091,0.0130385456581011,150365,1.884770847859142
87.4607909368339,-1.51331025795353,0.419977286895923,-3.60331452478894,0.0003141849641155,0.0081463391260317,100132273,2.0890375145178086
409.754587577455,-3.2963245748956,0.547359817519496,-6.02222609221436,1.7203434960909402e-09,8.0797496242544e-07,1565,6.09260209695926
50.3224621446813,-2.37834568288706,0.516096249192455,-4.60833746923853,4.05901481941315e-06,0.0003393577054125,112268294,3.4693422853258
67.0232574136761,-1.31832244465012,0.38513472824435,-3.4230162796789,0.0006193036816453,0.0131126133004108,102723722,1.8823107462317032
121.936751488024,2.5873592852675,0.728005202986794,3.55403955171243,0.0003793621568894,0.0093216634626889,150372,2.0305065803280686
96.2084062998834,2.52704422017451,0.79331548311187,3.18542153023648,0.0014454329743503,0.0240304685558735,53947,1.6192377610626654
704.374235081847,1.43234244829139,0.467854024982775,3.06151571175246,0.0022021943404873,0.0321841202589609,26286,1.4923583576520094
108.258839751956,1.81330660288042,0.522724837424782,3.46895053201169,0.0005224956507533,0.011658715902834,29780,1.9333492803680576
612.73222616344,1.0105264023001,0.327261963446699,3.08782111937884,0.0020162979942701,0.0301496367956532,23313,1.5207179153179833
666.827534892905,1.49935260371301,0.498239313773892,3.00930208087401,0.0026184862220556,0.0362188874021286,79174,1.4410648947877698
1226.40430846695,2.13720767903193,0.461429177260726,4.63171334703943,3.62652032468627e-06,0.0003109628319902,415116,3.507291517166743
13.9765717553666,2.4036948472468,0.640263342241343,3.75422843799285,0.0001738762378887,0.0053390081069403,102465493,2.272539419693362
15.1411996245669,3.03899685371211,1.00644556592493,3.01953424666266,0.002531636695852,0.0354206312253102,54456,1.450743703585629
8.44552118920821,4.93984905762728,1.59680463411943,3.09358386873132,0.0019775464934434,0.0297640191456722,56666,1.5263084247749519
116.036975734423,1.83334187598088,0.580223497763057,3.15971670063171,0.0015792261279404,0.0256055048496915,5600,1.5916666569991322
2221.26324410255,2.57826805649035,0.805562581414374,3.20058070716683,0.0013715095328697,0.0233172515697672,1890,1.6323226416672418
251.328378496396,2.56343728646672,0.572175706195268,4.48015750880532,7.45879762325636e-06,0.0005172350767939,440836,3.2863120306952025
18.2352951157978,3.15646782473784,0.629361860030193,5.01534653623022,5.29379644091963e-07,6.59013876214483e-05,102724608,4.181105440793041
21.3358332585844,3.41413352309222,0.628000657045163,5.43651266092018,5.43334801372236e-08,1.18189617582708e-05,105373098,4.927420672562899
34.0147245017084,3.12185615759046,0.736901264791595,4.23646464831806,2.27066651293697e-05,0.0011867603210055,113730,2.9256369826251953
96.6602419761148,-3.12256011600423,0.617650071250866,-5.05554886390674,4.2915472592722e-07,5.50837416850062e-05,102724788,4.25897656699973
96.3345201167298,2.58852812280004,0.606460213652663,4.26825711650486,1.97006176265532e-05,0.0010601907897206,1438,2.974615972974047
752.048206367209,3.17617218916042,0.698021328872913,4.55025091323348,5.35819826073824e-06,0.0004162675453314,25878,3.380627447948031
83.6887222822305,3.6815191055867,0.952224553166754,3.86622996996171,0.0001105307188416,0.003847309430516,51311,2.4148428829519872
38.8947776820925,3.96409946665072,0.888713087631565,4.46049408050815,8.17709175660976e-06,0.0005576884526413,25975,3.2536083478091076
125.948952867285,-3.96653248258719,0.91555290151598,-4.33239027042498,1.47499180937421e-05,0.0008490447281537,2742,3.071069430275878
661.80662545035,1.71921414376686,0.585676541958232,2.935432821022,0.0033308272604541,0.0429928453074861,1536,1.3666038119090531
2045.56451289467,2.41731283562327,0.729369451530445,3.31425017945431,0.0009188925053814,0.0174851874988096,7076,1.7573297062622701
78.5934330906144,1.9714887758825,0.62459105141177,3.15644736091931,0.0015970371041438,0.0257834154352604,5199,1.58865955376157
1266.22189944212,3.23570874507478,0.625763077353601,5.17082081409922,2.33067972516733e-07,3.79995127051018e-05,11040,4.420221972615882
136.730033753797,-1.59423436445822,0.513698180603607,-3.10344561194466,0.0019128138940064,0.0290863128179858,79917,1.5363113294334367
2086.64078043974,1.83964223472899,0.480809385968565,3.82613627856522,0.0001301702458706,0.0042630239792648,4478,2.3702822244645043
16.1105884304485,-2.3159101306675,0.587249011550706,-3.94365947854393,8.02475832902679e-05,0.0029987636685233,4674,2.5230577594823984
248.91886180183,1.17833792246333,0.306634845918502,3.84280501106684,0.000121636105304,0.0041081629776668,2717,2.3863523355476515
744.104619443099,-1.66981931869651,0.47870289143426,-3.48821648787937,0.0004862541978791,0.0110461140524386,79589,1.956790476947122
13.1926388140889,4.33523862592978,1.07033270556236,4.05036546430863,5.11377036433016e-05,0.0021391915906656,9075,2.669750317325315
22.7574534735173,3.17947717061483,1.05501530181773,3.01367872592631,0.0025810096646119,0.0358927084247677,340547,1.4449937690406602
4.46056846186589,4.54336785835899,1.4025194808803,3.23943297779174,0.0011976761042347,0.0213488949314875,23630,1.6706246001508034
738.098947379138,3.66337493943194,0.750453179594177,4.88155029393438,1.05255070407616e-06,0.0001188577065559,2182,3.9249726540182994
1230.32141664009,4.68034238181186,1.50547097307314,3.10888915530388,0.0018779215687554,0.0287592071638887,11254,1.5412230907889577
61.0386005439483,2.14469556624959,0.515959467241793,4.15671327384429,3.22858772458139e-05,0.0015479991955562,4068,2.8102292693414945
28.3144514288814,4.55754785255454,1.36237132705853,3.34530517637556,0.0008219207980266,0.0160842739500189,8862,1.793598538530559
73.9059023873655,-5.22458033109205,1.02486678983568,-5.09781406023483,3.43598065695312e-07,4.93087085249557e-05,7512,4.307076372196714
63.9880834901379,2.13265884954795,0.51305299341025,4.15680032460628,3.22735828712262e-05,0.0015479991955562,5973,2.8102292693414945
151.933642629972,2.27593790750862,0.574124867833224,3.96418625115146,7.36467373049088e-05,0.0028125857562629,1193,2.550894226959166
15587.852004026,-2.65807835895194,0.875609179653372,-3.03569037501891,0.0023998566740945,0.0342020952897687,100008588,1.4659472873675323
180.813912737007,-3.92375951532168,1.06878932829741,-3.67121883746001,0.0002413965363307,0.0067502833873825,112268313,2.170677994429269
390136.177297194,-3.41585684342933,0.971801335338543,-3.51497442863603,0.0004397963340806,0.010339466716469,4549,1.9855018604749026
2103.24718473079,-2.6568888948653,0.860402309991191,-3.08796113633458,0.0020153482510511,0.0301496367956532,4565,1.5207179153179833
734.633772357793,-2.80568139465948,0.83511199507763,-3.35964686317153,0.0007804215876493,0.0154773628683055,4572,1.8103030352105218
1019893.57480675,-2.39330112944666,0.813228602006427,-2.9429623153217,0.0032508798795118,0.0423047651532668,4513,1.3736107115088092
179685.482751247,-2.34420067102024,0.816968905096406,-2.86938787559315,0.0041126711762764,0.0496717415884003,4537,1.3038906125239618
